{
  "$id": "1",
  "playDate": "2023-06-07T00:00:00",
  "startdate": "2023-06-08T12:33:50.234866",
  "finishdate": "2023-06-09T06:44:48.491679",
  "club": {
    "$id": "2",
    "players": {
      "$id": "3",
      "$values": []
    },
    "id": 1,
    "name": "EVK",
    "state": 0
  },
  "mainevent": null,
  "matches": {
    "$id": "4",
    "$values": [
      {
        "$id": "5",
        "finishdate": "2023-06-23T13:31:53.421361",
        "round": 1,
        "court": {
          "$id": "6",
          "id": 1,
          "name": "1",
          "state": 0
        },
        "team1": {
          "$id": "7",
          "players": {
            "$id": "8",
            "$values": [
              {
                "$id": "9",
                "displayname": "Flemming",
                "dob": null,
                "rank": 26,
                "identity": null,
                "id": 2,
                "name": "",
                "state": 0
              },
              {
                "$id": "10",
                "displayname": "Bruno",
                "dob": null,
                "rank": 41,
                "identity": null,
                "id": 13,
                "name": "",
                "state": 0
              }
            ]
          },
          "hasPlayed": false,
          "rank": 33,
          "id": 20,
          "name": "Bruno/Flemming",
          "state": 0
        },
        "team2": {
          "$id": "11",
          "players": {
            "$id": "12",
            "$values": [
              {
                "$id": "13",
                "displayname": "Asser",
                "dob": null,
                "rank": 41,
                "identity": null,
                "id": 17,
                "name": "",
                "state": 0
              },
              {
                "$id": "14",
                "displayname": "Simon",
                "dob": null,
                "rank": 0,
                "identity": null,
                "id": 19,
                "name": "Simon",
                "state": 0
              }
            ]
          },
          "hasPlayed": false,
          "rank": 20,
          "id": 631,
          "name": "Asser/Simon",
          "state": 0
        },
        "team1Points": 8,
        "team2Points": 15,
        "team1Status": 1,
        "team2Status": 0,
        "tournament": {
          "$ref": "1"
        },
        "players": {
          "$id": "15",
          "$values": []
        },
        "id": 445,
        "name": "Flemming/Bruno vs. Simon/Asser",
        "state": 2
      },
      {
        "$id": "16",
        "finishdate": "2023-06-23T13:31:53.421361",
        "round": 1,
        "court": {
          "$id": "17",
          "id": 2,
          "name": "2",
          "state": 0
        },
        "team1": {
          "$id": "18",
          "players": {
            "$id": "19",
            "$values": [
              {
                "$id": "20",
                "displayname": "Bosse",
                "dob": null,
                "rank": 33,
                "identity": null,
                "id": 1,
                "name": "",
                "state": 0
              },
              {
                "$id": "21",
                "displayname": "Stefano",
                "dob": null,
                "rank": 65,
                "identity": null,
                "id": 12,
                "name": "",
                "state": 0
              }
            ]
          },
          "hasPlayed": false,
          "rank": 49,
          "id": 16,
          "name": "Bosse/Stefano",
          "state": 0
        },
        "team2": {
          "$id": "22",
          "players": {
            "$id": "23",
            "$values": [
              {
                "$id": "24",
                "displayname": "Mads",
                "dob": null,
                "rank": 83,
                "identity": null,
                "id": 4,
                "name": "",
                "state": 0
              },
              {
                "$id": "25",
                "displayname": "Antonio",
                "dob": null,
                "rank": 71,
                "identity": null,
                "id": 16,
                "name": "",
                "state": 0
              }
            ]
          },
          "hasPlayed": false,
          "rank": 77,
          "id": 19,
          "name": "Mads/Antonio",
          "state": 0
        },
        "team1Points": 5,
        "team2Points": 15,
        "team1Status": 1,
        "team2Status": 0,
        "tournament": {
          "$ref": "1"
        },
        "players": {
          "$id": "26",
          "$values": []
        },
        "id": 446,
        "name": "Bosse/Stefano vs. Mads/Antonio",
        "state": 2
      },
      {
        "$id": "27",
        "finishdate": "2023-06-23T13:31:53.421361",
        "round": 1,
        "court": {
          "$id": "28",
          "id": 3,
          "name": "3",
          "state": 0
        },
        "team1": {
          "$id": "29",
          "players": {
            "$id": "30",
            "$values": [
              {
                "$id": "31",
                "displayname": "Peter",
                "dob": null,
                "rank": 20,
                "identity": null,
                "id": 6,
                "name": "",
                "state": 0
              },
              {
                "$id": "32",
                "displayname": "John",
                "dob": null,
                "rank": 39,
                "identity": null,
                "id": 10,
                "name": "",
                "state": 0
              }
            ]
          },
          "hasPlayed": false,
          "rank": 29,
          "id": 86,
          "name": "Peter/John",
          "state": 0
        },
        "team2": {
          "$id": "33",
          "players": {
            "$id": "34",
            "$values": [
              {
                "$id": "35",
                "displayname": "Henrik",
                "dob": null,
                "rank": 64,
                "identity": null,
                "id": 7,
                "name": "",
                "state": 0
              },
              {
                "$id": "36",
                "displayname": "Tim",
                "dob": null,
                "rank": 45,
                "identity": null,
                "id": 8,
                "name": "",
                "state": 0
              }
            ]
          },
          "hasPlayed": false,
          "rank": 54,
          "id": 23,
          "name": "Tim/Henrik",
          "state": 0
        },
        "team1Points": 16,
        "team2Points": 18,
        "team1Status": 1,
        "team2Status": 0,
        "tournament": {
          "$ref": "1"
        },
        "players": {
          "$id": "37",
          "$values": []
        },
        "id": 447,
        "name": "John/Peter vs. Henrik/Tim",
        "state": 2
      },
      {
        "$id": "38",
        "finishdate": "2023-06-23T13:31:53.421362",
        "round": 2,
        "court": {
          "$ref": "6"
        },
        "team1": {
          "$id": "39",
          "players": {
            "$id": "40",
            "$values": [
              {
                "$ref": "9"
              },
              {
                "$ref": "14"
              }
            ]
          },
          "hasPlayed": false,
          "rank": 13,
          "id": 629,
          "name": "Simon/Flemming",
          "state": 0
        },
        "team2": {
          "$id": "41",
          "players": {
            "$id": "42",
            "$values": [
              {
                "$ref": "10"
              },
              {
                "$ref": "13"
              }
            ]
          },
          "hasPlayed": false,
          "rank": 41,
          "id": 90,
          "name": "Bruno/Asser",
          "state": 0
        },
        "team1Points": 15,
        "team2Points": 12,
        "team1Status": 0,
        "team2Status": 1,
        "tournament": {
          "$ref": "1"
        },
        "players": {
          "$id": "43",
          "$values": []
        },
        "id": 448,
        "name": "Flemming/Simon vs. Bruno/Asser",
        "state": 2
      },
      {
        "$id": "44",
        "finishdate": "2023-06-23T13:31:53.421362",
        "round": 2,
        "court": {
          "$ref": "17"
        },
        "team1": {
          "$id": "45",
          "players": {
            "$id": "46",
            "$values": [
              {
                "$ref": "20"
              },
              {
                "$ref": "24"
              }
            ]
          },
          "hasPlayed": false,
          "rank": 58,
          "id": 97,
          "name": "Mads/Bosse",
          "state": 0
        },
        "team2": {
          "$id": "47",
          "players": {
            "$id": "48",
            "$values": [
              {
                "$ref": "21"
              },
              {
                "$ref": "25"
              }
            ]
          },
          "hasPlayed": false,
          "rank": 68,
          "id": 110,
          "name": "Antonio/Stefano",
          "state": 0
        },
        "team1Points": 11,
        "team2Points": 15,
        "team1Status": 1,
        "team2Status": 0,
        "tournament": {
          "$ref": "1"
        },
        "players": {
          "$id": "49",
          "$values": []
        },
        "id": 449,
        "name": "Bosse/Mads vs. Stefano/Antonio",
        "state": 2
      },
      {
        "$id": "50",
        "finishdate": "2023-06-23T13:31:53.421362",
        "round": 2,
        "court": {
          "$ref": "28"
        },
        "team1": {
          "$id": "51",
          "players": {
            "$id": "52",
            "$values": [
              {
                "$ref": "35"
              },
              {
                "$ref": "32"
              }
            ]
          },
          "hasPlayed": false,
          "rank": 51,
          "id": 6,
          "name": "John/Henrik",
          "state": 0
        },
        "team2": {
          "$id": "53",
          "players": {
            "$id": "54",
            "$values": [
              {
                "$ref": "31"
              },
              {
                "$ref": "36"
              }
            ]
          },
          "hasPlayed": false,
          "rank": 32,
          "id": 31,
          "name": "Peter/Tim",
          "state": 0
        },
        "team1Points": 15,
        "team2Points": 9,
        "team1Status": 0,
        "team2Status": 1,
        "tournament": {
          "$ref": "1"
        },
        "players": {
          "$id": "55",
          "$values": []
        },
        "id": 450,
        "name": "John/Henrik vs. Peter/Tim",
        "state": 2
      },
      {
        "$id": "56",
        "finishdate": "2023-06-23T13:31:53.421362",
        "round": 3,
        "court": {
          "$ref": "6"
        },
        "team1": {
          "$id": "57",
          "players": {
            "$id": "58",
            "$values": [
              {
                "$ref": "9"
              },
              {
                "$ref": "13"
              }
            ]
          },
          "hasPlayed": false,
          "rank": 33,
          "id": 126,
          "name": "Flemming/Asser",
          "state": 0
        },
        "team2": {
          "$id": "59",
          "players": {
            "$id": "60",
            "$values": [
              {
                "$ref": "10"
              },
              {
                "$ref": "14"
              }
            ]
          },
          "hasPlayed": false,
          "rank": 20,
          "id": 617,
          "name": "Simon/Bruno",
          "state": 0
        },
        "team1Points": 9,
        "team2Points": 15,
        "team1Status": 1,
        "team2Status": 0,
        "tournament": {
          "$ref": "1"
        },
        "players": {
          "$id": "61",
          "$values": []
        },
        "id": 451,
        "name": "Flemming/Asser vs. Bruno/Simon",
        "state": 2
      },
      {
        "$id": "62",
        "finishdate": "2023-06-23T13:31:53.421362",
        "round": 3,
        "court": {
          "$ref": "17"
        },
        "team1": {
          "$id": "63",
          "players": {
            "$id": "64",
            "$values": [
              {
                "$ref": "20"
              },
              {
                "$ref": "25"
              }
            ]
          },
          "hasPlayed": false,
          "rank": 52,
          "id": 140,
          "name": "Antonio/Bosse",
          "state": 0
        },
        "team2": {
          "$id": "65",
          "players": {
            "$id": "66",
            "$values": [
              {
                "$ref": "24"
              },
              {
                "$ref": "21"
              }
            ]
          },
          "hasPlayed": false,
          "rank": 74,
          "id": 89,
          "name": "Mads/Stefano",
          "state": 0
        },
        "team1Points": 11,
        "team2Points": 15,
        "team1Status": 1,
        "team2Status": 0,
        "tournament": {
          "$ref": "1"
        },
        "players": {
          "$id": "67",
          "$values": []
        },
        "id": 452,
        "name": "Bosse/Antonio vs. Stefano/Mads",
        "state": 2
      },
      {
        "$id": "68",
        "finishdate": "2023-06-23T13:31:53.421362",
        "round": 3,
        "court": {
          "$ref": "28"
        },
        "team1": {
          "$id": "69",
          "players": {
            "$id": "70",
            "$values": [
              {
                "$ref": "36"
              },
              {
                "$ref": "32"
              }
            ]
          },
          "hasPlayed": false,
          "rank": 42,
          "id": 14,
          "name": "Tim/John",
          "state": 0
        },
        "team2": {
          "$id": "71",
          "players": {
            "$id": "72",
            "$values": [
              {
                "$ref": "31"
              },
              {
                "$ref": "35"
              }
            ]
          },
          "hasPlayed": false,
          "rank": 42,
          "id": 95,
          "name": "Peter/Henrik",
          "state": 0
        },
        "team1Points": 7,
        "team2Points": 15,
        "team1Status": 1,
        "team2Status": 0,
        "tournament": {
          "$ref": "1"
        },
        "players": {
          "$id": "73",
          "$values": []
        },
        "id": 453,
        "name": "John/Tim vs. Peter/Henrik",
        "state": 2
      },
      {
        "$id": "74",
        "finishdate": "2023-06-23T13:31:53.421363",
        "round": 4,
        "court": {
          "$ref": "6"
        },
        "team1": {
          "$id": "75",
          "players": {
            "$id": "76",
            "$values": [
              {
                "$ref": "9"
              },
              {
                "$ref": "25"
              }
            ]
          },
          "hasPlayed": false,
          "rank": 48,
          "id": 2,
          "name": "Flemming/Antonio",
          "state": 0
        },
        "team2": {
          "$id": "77",
          "players": {
            "$id": "78",
            "$values": [
              {
                "$ref": "36"
              },
              {
                "$ref": "21"
              }
            ]
          },
          "hasPlayed": false,
          "rank": 55,
          "id": 115,
          "name": "Tim/Stefano",
          "state": 0
        },
        "team1Points": 7,
        "team2Points": 15,
        "team1Status": 1,
        "team2Status": 0,
        "tournament": {
          "$ref": "1"
        },
        "players": {
          "$id": "79",
          "$values": []
        },
        "id": 454,
        "name": "Flemming/Antonio vs. Stefano/Tim",
        "state": 2
      },
      {
        "$id": "80",
        "finishdate": "2023-06-23T13:31:53.421363",
        "round": 4,
        "court": {
          "$ref": "17"
        },
        "team1": {
          "$id": "81",
          "players": {
            "$id": "82",
            "$values": [
              {
                "$ref": "24"
              },
              {
                "$ref": "14"
              }
            ]
          },
          "hasPlayed": false,
          "rank": 41,
          "id": 641,
          "name": "Simon/Mads",
          "state": 0
        },
        "team2": {
          "$id": "83",
          "players": {
            "$id": "84",
            "$values": [
              {
                "$ref": "20"
              },
              {
                "$ref": "31"
              }
            ]
          },
          "hasPlayed": false,
          "rank": 26,
          "id": 104,
          "name": "Peter/Bosse",
          "state": 0
        },
        "team1Points": 15,
        "team2Points": 5,
        "team1Status": 0,
        "team2Status": 1,
        "tournament": {
          "$ref": "1"
        },
        "players": {
          "$id": "85",
          "$values": []
        },
        "id": 455,
        "name": "Simon/Mads vs. Bosse/Peter",
        "state": 2
      },
      {
        "$id": "86",
        "finishdate": "2023-06-23T13:31:53.421363",
        "round": 4,
        "court": {
          "$ref": "28"
        },
        "team1": {
          "$id": "87",
          "players": {
            "$id": "88",
            "$values": [
              {
                "$ref": "35"
              },
              {
                "$ref": "10"
              }
            ]
          },
          "hasPlayed": false,
          "rank": 52,
          "id": 147,
          "name": "Bruno/Henrik",
          "state": 0
        },
        "team2": {
          "$id": "89",
          "players": {
            "$id": "90",
            "$values": [
              {
                "$ref": "32"
              },
              {
                "$ref": "13"
              }
            ]
          },
          "hasPlayed": false,
          "rank": 40,
          "id": 181,
          "name": "John/Asser",
          "state": 0
        },
        "team1Points": 15,
        "team2Points": 10,
        "team1Status": 0,
        "team2Status": 1,
        "tournament": {
          "$ref": "1"
        },
        "players": {
          "$id": "91",
          "$values": []
        },
        "id": 456,
        "name": "Bruno/Henrik vs. Asser/John",
        "state": 2
      },
      {
        "$id": "92",
        "finishdate": "2023-06-23T13:31:53.421363",
        "round": 5,
        "court": {
          "$ref": "6"
        },
        "team1": {
          "$id": "93",
          "players": {
            "$id": "94",
            "$values": [
              {
                "$ref": "9"
              },
              {
                "$ref": "32"
              }
            ]
          },
          "hasPlayed": false,
          "rank": 32,
          "id": 121,
          "name": "Flemming/John",
          "state": 0
        },
        "team2": {
          "$id": "95",
          "players": {
            "$id": "96",
            "$values": [
              {
                "$ref": "20"
              },
              {
                "$ref": "14"
              }
            ]
          },
          "hasPlayed": false,
          "rank": 16,
          "id": 609,
          "name": "Bosse/Simon",
          "state": 0
        },
        "team1Points": 12,
        "team2Points": 15,
        "team1Status": 1,
        "team2Status": 0,
        "tournament": {
          "$ref": "1"
        },
        "players": {
          "$id": "97",
          "$values": []
        },
        "id": 457,
        "name": "Flemming/John vs. Simon/Bosse",
        "state": 2
      },
      {
        "$id": "98",
        "finishdate": "2023-06-23T13:31:53.421363",
        "round": 5,
        "court": {
          "$ref": "17"
        },
        "team1": {
          "$id": "99",
          "players": {
            "$id": "100",
            "$values": [
              {
                "$ref": "31"
              },
              {
                "$ref": "21"
              }
            ]
          },
          "hasPlayed": false,
          "rank": 42,
          "id": 123,
          "name": "Peter/Stefano",
          "state": 0
        },
        "team2": {
          "$id": "101",
          "players": {
            "$id": "102",
            "$values": [
              {
                "$ref": "24"
              },
              {
                "$ref": "36"
              }
            ]
          },
          "hasPlayed": false,
          "rank": 64,
          "id": 119,
          "name": "Mads/Tim",
          "state": 0
        },
        "team1Points": 14,
        "team2Points": 16,
        "team1Status": 1,
        "team2Status": 0,
        "tournament": {
          "$ref": "1"
        },
        "players": {
          "$id": "103",
          "$values": []
        },
        "id": 458,
        "name": "Stefano/Peter vs. Mads/Tim",
        "state": 2
      },
      {
        "$id": "104",
        "finishdate": "2023-06-23T13:31:53.421363",
        "round": 5,
        "court": {
          "$ref": "28"
        },
        "team1": {
          "$id": "105",
          "players": {
            "$id": "106",
            "$values": [
              {
                "$ref": "10"
              },
              {
                "$ref": "25"
              }
            ]
          },
          "hasPlayed": false,
          "rank": 56,
          "id": 11,
          "name": "Bruno/Antonio",
          "state": 0
        },
        "team2": {
          "$id": "107",
          "players": {
            "$id": "108",
            "$values": [
              {
                "$ref": "35"
              },
              {
                "$ref": "13"
              }
            ]
          },
          "hasPlayed": false,
          "rank": 52,
          "id": 34,
          "name": "Henrik/Asser",
          "state": 0
        },
        "team1Points": 15,
        "team2Points": 10,
        "team1Status": 0,
        "team2Status": 1,
        "tournament": {
          "$ref": "1"
        },
        "players": {
          "$id": "109",
          "$values": []
        },
        "id": 459,
        "name": "Bruno/Antonio vs. Asser/Henrik",
        "state": 2
      },
      {
        "$id": "110",
        "finishdate": "2023-06-23T13:31:53.421363",
        "round": 6,
        "court": {
          "$ref": "6"
        },
        "team1": {
          "$id": "111",
          "players": {
            "$id": "112",
            "$values": [
              {
                "$ref": "20"
              },
              {
                "$ref": "36"
              }
            ]
          },
          "hasPlayed": false,
          "rank": 39,
          "id": 41,
          "name": "Tim/Bosse",
          "state": 0
        },
        "team2": {
          "$id": "113",
          "players": {
            "$id": "114",
            "$values": [
              {
                "$ref": "31"
              },
              {
                "$ref": "25"
              }
            ]
          },
          "hasPlayed": false,
          "rank": 45,
          "id": 57,
          "name": "Antonio/Peter",
          "state": 0
        },
        "team1Points": 5,
        "team2Points": 15,
        "team1Status": 1,
        "team2Status": 0,
        "tournament": {
          "$ref": "1"
        },
        "players": {
          "$id": "115",
          "$values": []
        },
        "id": 460,
        "name": "Bosse/Tim vs. Antonio/Peter",
        "state": 2
      },
      {
        "$id": "116",
        "finishdate": "2023-06-23T13:31:53.421364",
        "round": 6,
        "court": {
          "$ref": "17"
        },
        "team1": {
          "$id": "117",
          "players": {
            "$id": "118",
            "$values": [
              {
                "$ref": "9"
              },
              {
                "$ref": "24"
              }
            ]
          },
          "hasPlayed": false,
          "rank": 54,
          "id": 9,
          "name": "Mads/Flemming",
          "state": 0
        },
        "team2": {
          "$id": "119",
          "players": {
            "$id": "120",
            "$values": [
              {
                "$ref": "35"
              },
              {
                "$ref": "14"
              }
            ]
          },
          "hasPlayed": false,
          "rank": 32,
          "id": 653,
          "name": "Simon/Henrik",
          "state": 0
        },
        "team1Points": 15,
        "team2Points": 13,
        "team1Status": 0,
        "team2Status": 1,
        "tournament": {
          "$ref": "1"
        },
        "players": {
          "$id": "121",
          "$values": []
        },
        "id": 461,
        "name": "Flemming/Mads vs. Simon/Henrik",
        "state": 2
      },
      {
        "$id": "122",
        "finishdate": "2023-06-23T13:31:53.421364",
        "round": 6,
        "court": {
          "$ref": "28"
        },
        "team1": {
          "$id": "123",
          "players": {
            "$id": "124",
            "$values": [
              {
                "$ref": "32"
              },
              {
                "$ref": "10"
              }
            ]
          },
          "hasPlayed": false,
          "rank": 40,
          "id": 137,
          "name": "Bruno/John",
          "state": 0
        },
        "team2": {
          "$id": "125",
          "players": {
            "$id": "126",
            "$values": [
              {
                "$ref": "21"
              },
              {
                "$ref": "13"
              }
            ]
          },
          "hasPlayed": false,
          "rank": 53,
          "id": 26,
          "name": "Asser/Stefano",
          "state": 0
        },
        "team1Points": 11,
        "team2Points": 15,
        "team1Status": 1,
        "team2Status": 0,
        "tournament": {
          "$ref": "1"
        },
        "players": {
          "$id": "127",
          "$values": []
        },
        "id": 462,
        "name": "Bruno/John vs. Asser/Stefano",
        "state": 2
      },
      {
        "$id": "128",
        "finishdate": "2023-06-23T13:31:53.421364",
        "round": 7,
        "court": {
          "$ref": "17"
        },
        "team1": {
          "$ref": "65"
        },
        "team2": {
          "$ref": "119"
        },
        "team1Points": 15,
        "team2Points": 12,
        "team1Status": 0,
        "team2Status": 1,
        "tournament": {
          "$ref": "1"
        },
        "players": {
          "$id": "129",
          "$values": []
        },
        "id": 472,
        "name": "",
        "state": 2
      }
    ]
  },
  "currentRound": 1,
  "totalRounds": 10,
  "pointsToWin": 15,
  "id": 13,
  "name": "EVK Sommer Beach 7 jun. 2023",
  "state": 2
}