{
  "$id": "1",
  "playDate": "2023-06-05T00:00:00",
  "startdate": "2023-06-16T14:08:59.483348",
  "finishdate": "2023-06-16T14:09:37.272057",
  "club": {
    "$id": "2",
    "players": {
      "$id": "3",
      "$values": []
    },
    "id": 1,
    "name": "EVK",
    "state": 0
  },
  "mainevent": null,
  "matches": {
    "$id": "4",
    "$values": [
      {
        "$id": "5",
        "finishdate": "2023-06-23T13:32:24.029556",
        "round": 1,
        "court": {
          "$id": "6",
          "id": 1,
          "name": "1",
          "state": 0
        },
        "team1": {
          "$id": "7",
          "players": {
            "$id": "8",
            "$values": [
              {
                "$id": "9",
                "displayname": "Tim",
                "dob": null,
                "rank": 45,
                "identity": null,
                "id": 8,
                "name": "",
                "state": 0
              },
              {
                "$id": "10",
                "displayname": "John",
                "dob": null,
                "rank": 39,
                "identity": null,
                "id": 10,
                "name": "",
                "state": 0
              }
            ]
          },
          "hasPlayed": false,
          "rank": 42,
          "id": 14,
          "name": "Tim/John",
          "state": 0
        },
        "team2": {
          "$id": "11",
          "players": {
            "$id": "12",
            "$values": [
              {
                "$id": "13",
                "displayname": "Bosse",
                "dob": null,
                "rank": 33,
                "identity": null,
                "id": 1,
                "name": "",
                "state": 0
              },
              {
                "$id": "14",
                "displayname": "Nana",
                "dob": null,
                "rank": 70,
                "identity": null,
                "id": 3,
                "name": "",
                "state": 0
              }
            ]
          },
          "hasPlayed": false,
          "rank": 51,
          "id": 71,
          "name": "Bosse/Nana",
          "state": 0
        },
        "team1Points": 15,
        "team2Points": 4,
        "team1Status": 0,
        "team2Status": 1,
        "tournament": {
          "$ref": "1"
        },
        "players": {
          "$id": "15",
          "$values": []
        },
        "id": 153,
        "name": "",
        "state": 2
      },
      {
        "$id": "16",
        "finishdate": "2023-06-23T13:32:24.029556",
        "round": 1,
        "court": {
          "$id": "17",
          "id": 2,
          "name": "2",
          "state": 0
        },
        "team1": {
          "$id": "18",
          "players": {
            "$id": "19",
            "$values": [
              {
                "$id": "20",
                "displayname": "Niels",
                "dob": null,
                "rank": 75,
                "identity": null,
                "id": 14,
                "name": "",
                "state": 0
              },
              {
                "$id": "21",
                "displayname": "Caroline",
                "dob": null,
                "rank": 36,
                "identity": null,
                "id": 15,
                "name": "",
                "state": 0
              }
            ]
          },
          "hasPlayed": false,
          "rank": 55,
          "id": 21,
          "name": "Caroline/Niels",
          "state": 0
        },
        "team2": {
          "$id": "22",
          "players": {
            "$id": "23",
            "$values": [
              {
                "$id": "24",
                "displayname": "Kyller",
                "dob": null,
                "rank": 43,
                "identity": null,
                "id": 5,
                "name": "",
                "state": 0
              },
              {
                "$id": "25",
                "displayname": "Kim",
                "dob": null,
                "rank": 36,
                "identity": null,
                "id": 9,
                "name": "",
                "state": 0
              }
            ]
          },
          "hasPlayed": false,
          "rank": 39,
          "id": 98,
          "name": "Kim/Kyller",
          "state": 0
        },
        "team1Points": 15,
        "team2Points": 7,
        "team1Status": 0,
        "team2Status": 1,
        "tournament": {
          "$ref": "1"
        },
        "players": {
          "$id": "26",
          "$values": []
        },
        "id": 154,
        "name": "",
        "state": 2
      },
      {
        "$id": "27",
        "finishdate": "2023-06-23T13:32:24.029557",
        "round": 2,
        "court": {
          "$ref": "6"
        },
        "team1": {
          "$id": "28",
          "players": {
            "$id": "29",
            "$values": [
              {
                "$ref": "14"
              },
              {
                "$ref": "24"
              }
            ]
          },
          "hasPlayed": false,
          "rank": 56,
          "id": 36,
          "name": "Kyller/Nana",
          "state": 0
        },
        "team2": {
          "$id": "30",
          "players": {
            "$id": "31",
            "$values": [
              {
                "$id": "32",
                "displayname": "Henrik",
                "dob": null,
                "rank": 64,
                "identity": null,
                "id": 7,
                "name": "",
                "state": 0
              },
              {
                "$id": "33",
                "displayname": "Bruno",
                "dob": null,
                "rank": 41,
                "identity": null,
                "id": 13,
                "name": "",
                "state": 0
              }
            ]
          },
          "hasPlayed": false,
          "rank": 52,
          "id": 147,
          "name": "Bruno/Henrik",
          "state": 0
        },
        "team1Points": 15,
        "team2Points": 9,
        "team1Status": 0,
        "team2Status": 1,
        "tournament": {
          "$ref": "1"
        },
        "players": {
          "$id": "34",
          "$values": []
        },
        "id": 155,
        "name": "",
        "state": 2
      },
      {
        "$id": "35",
        "finishdate": "2023-06-23T13:32:24.029557",
        "round": 2,
        "court": {
          "$ref": "17"
        },
        "team1": {
          "$id": "36",
          "players": {
            "$id": "37",
            "$values": [
              {
                "$ref": "13"
              },
              {
                "$ref": "9"
              }
            ]
          },
          "hasPlayed": false,
          "rank": 39,
          "id": 41,
          "name": "Tim/Bosse",
          "state": 0
        },
        "team2": {
          "$id": "38",
          "players": {
            "$id": "39",
            "$values": [
              {
                "$ref": "10"
              },
              {
                "$ref": "21"
              }
            ]
          },
          "hasPlayed": false,
          "rank": 37,
          "id": 77,
          "name": "Caroline/John",
          "state": 0
        },
        "team1Points": 12,
        "team2Points": 15,
        "team1Status": 1,
        "team2Status": 0,
        "tournament": {
          "$ref": "1"
        },
        "players": {
          "$id": "40",
          "$values": []
        },
        "id": 156,
        "name": "",
        "state": 2
      },
      {
        "$id": "41",
        "finishdate": "2023-06-23T13:32:24.029557",
        "round": 3,
        "court": {
          "$ref": "6"
        },
        "team1": {
          "$id": "42",
          "players": {
            "$id": "43",
            "$values": [
              {
                "$ref": "33"
              },
              {
                "$ref": "20"
              }
            ]
          },
          "hasPlayed": false,
          "rank": 58,
          "id": 74,
          "name": "Bruno/Niels",
          "state": 0
        },
        "team2": {
          "$id": "44",
          "players": {
            "$id": "45",
            "$values": [
              {
                "$ref": "32"
              },
              {
                "$ref": "25"
              }
            ]
          },
          "hasPlayed": false,
          "rank": 50,
          "id": 15,
          "name": "Kim/Henrik",
          "state": 0
        },
        "team1Points": 10,
        "team2Points": 15,
        "team1Status": 1,
        "team2Status": 0,
        "tournament": {
          "$ref": "1"
        },
        "players": {
          "$id": "46",
          "$values": []
        },
        "id": 157,
        "name": "",
        "state": 2
      },
      {
        "$id": "47",
        "finishdate": "2023-06-23T13:32:24.029557",
        "round": 3,
        "court": {
          "$ref": "17"
        },
        "team1": {
          "$id": "48",
          "players": {
            "$id": "49",
            "$values": [
              {
                "$ref": "14"
              },
              {
                "$ref": "9"
              }
            ]
          },
          "hasPlayed": false,
          "rank": 57,
          "id": 142,
          "name": "Tim/Nana",
          "state": 0
        },
        "team2": {
          "$id": "50",
          "players": {
            "$id": "51",
            "$values": [
              {
                "$ref": "13"
              },
              {
                "$ref": "10"
              }
            ]
          },
          "hasPlayed": false,
          "rank": 36,
          "id": 33,
          "name": "John/Bosse",
          "state": 0
        },
        "team1Points": 15,
        "team2Points": 9,
        "team1Status": 0,
        "team2Status": 1,
        "tournament": {
          "$ref": "1"
        },
        "players": {
          "$id": "52",
          "$values": []
        },
        "id": 158,
        "name": "",
        "state": 2
      },
      {
        "$id": "53",
        "finishdate": "2023-06-23T13:32:24.029557",
        "round": 4,
        "court": {
          "$ref": "6"
        },
        "team1": {
          "$id": "54",
          "players": {
            "$id": "55",
            "$values": [
              {
                "$ref": "25"
              },
              {
                "$ref": "21"
              }
            ]
          },
          "hasPlayed": false,
          "rank": 36,
          "id": 103,
          "name": "Caroline/Kim",
          "state": 0
        },
        "team2": {
          "$id": "56",
          "players": {
            "$id": "57",
            "$values": [
              {
                "$ref": "24"
              },
              {
                "$ref": "32"
              }
            ]
          },
          "hasPlayed": false,
          "rank": 53,
          "id": 44,
          "name": "Henrik/Kyller",
          "state": 0
        },
        "team1Points": 7,
        "team2Points": 15,
        "team1Status": 1,
        "team2Status": 0,
        "tournament": {
          "$ref": "1"
        },
        "players": {
          "$id": "58",
          "$values": []
        },
        "id": 159,
        "name": "",
        "state": 2
      },
      {
        "$id": "59",
        "finishdate": "2023-06-23T13:32:24.029557",
        "round": 4,
        "court": {
          "$ref": "17"
        },
        "team1": {
          "$id": "60",
          "players": {
            "$id": "61",
            "$values": [
              {
                "$ref": "9"
              },
              {
                "$ref": "20"
              }
            ]
          },
          "hasPlayed": false,
          "rank": 60,
          "id": 50,
          "name": "Niels/Tim",
          "state": 0
        },
        "team2": {
          "$id": "62",
          "players": {
            "$id": "63",
            "$values": [
              {
                "$ref": "10"
              },
              {
                "$ref": "33"
              }
            ]
          },
          "hasPlayed": false,
          "rank": 40,
          "id": 137,
          "name": "Bruno/John",
          "state": 0
        },
        "team1Points": 15,
        "team2Points": 8,
        "team1Status": 0,
        "team2Status": 1,
        "tournament": {
          "$ref": "1"
        },
        "players": {
          "$id": "64",
          "$values": []
        },
        "id": 160,
        "name": "",
        "state": 2
      },
      {
        "$id": "65",
        "finishdate": "2023-06-23T13:32:24.029558",
        "round": 5,
        "court": {
          "$ref": "6"
        },
        "team1": {
          "$id": "66",
          "players": {
            "$id": "67",
            "$values": [
              {
                "$ref": "14"
              },
              {
                "$ref": "33"
              }
            ]
          },
          "hasPlayed": false,
          "rank": 55,
          "id": 46,
          "name": "Bruno/Nana",
          "state": 0
        },
        "team2": {
          "$id": "68",
          "players": {
            "$id": "69",
            "$values": [
              {
                "$ref": "13"
              },
              {
                "$ref": "24"
              }
            ]
          },
          "hasPlayed": false,
          "rank": 38,
          "id": 25,
          "name": "Bosse/Kyller",
          "state": 0
        },
        "team1Points": 15,
        "team2Points": 8,
        "team1Status": 0,
        "team2Status": 1,
        "tournament": {
          "$ref": "1"
        },
        "players": {
          "$id": "70",
          "$values": []
        },
        "id": 161,
        "name": "",
        "state": 2
      },
      {
        "$id": "71",
        "finishdate": "2023-06-23T13:32:24.029558",
        "round": 5,
        "court": {
          "$ref": "17"
        },
        "team1": {
          "$id": "72",
          "players": {
            "$id": "73",
            "$values": [
              {
                "$ref": "32"
              },
              {
                "$ref": "21"
              }
            ]
          },
          "hasPlayed": false,
          "rank": 50,
          "id": 112,
          "name": "Caroline/Henrik",
          "state": 0
        },
        "team2": {
          "$id": "74",
          "players": {
            "$id": "75",
            "$values": [
              {
                "$ref": "25"
              },
              {
                "$ref": "20"
              }
            ]
          },
          "hasPlayed": false,
          "rank": 55,
          "id": 32,
          "name": "Niels/Kim",
          "state": 0
        },
        "team1Points": 15,
        "team2Points": 12,
        "team1Status": 0,
        "team2Status": 1,
        "tournament": {
          "$ref": "1"
        },
        "players": {
          "$id": "76",
          "$values": []
        },
        "id": 163,
        "name": "",
        "state": 2
      },
      {
        "$id": "77",
        "finishdate": "2023-06-23T13:32:24.029558",
        "round": 6,
        "court": {
          "$ref": "6"
        },
        "team1": {
          "$id": "78",
          "players": {
            "$id": "79",
            "$values": [
              {
                "$ref": "24"
              },
              {
                "$ref": "9"
              }
            ]
          },
          "hasPlayed": false,
          "rank": 44,
          "id": 134,
          "name": "Tim/Kyller",
          "state": 0
        },
        "team2": {
          "$id": "80",
          "players": {
            "$id": "81",
            "$values": [
              {
                "$ref": "10"
              },
              {
                "$ref": "20"
              }
            ]
          },
          "hasPlayed": false,
          "rank": 57,
          "id": 59,
          "name": "Niels/John",
          "state": 0
        },
        "team1Points": 15,
        "team2Points": 12,
        "team1Status": 0,
        "team2Status": 1,
        "tournament": {
          "$ref": "1"
        },
        "players": {
          "$id": "82",
          "$values": []
        },
        "id": 164,
        "name": "",
        "state": 2
      },
      {
        "$id": "83",
        "finishdate": "2023-06-23T13:32:24.029558",
        "round": 6,
        "court": {
          "$ref": "17"
        },
        "team1": {
          "$id": "84",
          "players": {
            "$id": "85",
            "$values": [
              {
                "$ref": "14"
              },
              {
                "$ref": "21"
              }
            ]
          },
          "hasPlayed": false,
          "rank": 53,
          "id": 84,
          "name": "Caroline/Nana",
          "state": 0
        },
        "team2": {
          "$id": "86",
          "players": {
            "$id": "87",
            "$values": [
              {
                "$ref": "13"
              },
              {
                "$ref": "25"
              }
            ]
          },
          "hasPlayed": false,
          "rank": 34,
          "id": 60,
          "name": "Kim/Bosse",
          "state": 0
        },
        "team1Points": 15,
        "team2Points": 9,
        "team1Status": 0,
        "team2Status": 1,
        "tournament": {
          "$ref": "1"
        },
        "players": {
          "$id": "88",
          "$values": []
        },
        "id": 165,
        "name": "",
        "state": 2
      },
      {
        "$id": "89",
        "finishdate": "2023-06-23T13:32:24.029558",
        "round": 7,
        "court": {
          "$ref": "6"
        },
        "team1": {
          "$id": "90",
          "players": {
            "$id": "91",
            "$values": [
              {
                "$ref": "32"
              },
              {
                "$ref": "10"
              }
            ]
          },
          "hasPlayed": false,
          "rank": 51,
          "id": 6,
          "name": "John/Henrik",
          "state": 0
        },
        "team2": {
          "$id": "92",
          "players": {
            "$id": "93",
            "$values": [
              {
                "$ref": "13"
              },
              {
                "$ref": "33"
              }
            ]
          },
          "hasPlayed": false,
          "rank": 37,
          "id": 51,
          "name": "John/Asser",
          "state": 0
        },
        "team1Points": 15,
        "team2Points": 9,
        "team1Status": 0,
        "team2Status": 1,
        "tournament": {
          "$ref": "1"
        },
        "players": {
          "$id": "94",
          "$values": []
        },
        "id": 166,
        "name": "",
        "state": 2
      },
      {
        "$id": "95",
        "finishdate": "2023-06-23T13:32:24.029558",
        "round": 7,
        "court": {
          "$ref": "17"
        },
        "team1": {
          "$id": "96",
          "players": {
            "$id": "97",
            "$values": [
              {
                "$ref": "9"
              },
              {
                "$ref": "21"
              }
            ]
          },
          "hasPlayed": false,
          "rank": 40,
          "id": 67,
          "name": "Caroline/Tim",
          "state": 0
        },
        "team2": {
          "$id": "98",
          "players": {
            "$id": "99",
            "$values": [
              {
                "$ref": "14"
              },
              {
                "$ref": "20"
              }
            ]
          },
          "hasPlayed": false,
          "rank": 72,
          "id": 138,
          "name": "Niels/Nana",
          "state": 0
        },
        "team1Points": 13,
        "team2Points": 15,
        "team1Status": 1,
        "team2Status": 0,
        "tournament": {
          "$ref": "1"
        },
        "players": {
          "$id": "100",
          "$values": []
        },
        "id": 167,
        "name": "",
        "state": 2
      }
    ]
  },
  "currentRound": 1,
  "totalRounds": 10,
  "pointsToWin": 15,
  "id": 3,
  "name": "EVK Sommer Beach 31 maj 2023",
  "state": 2
}