{
  "$id": "1",
  "playDate": "2023-06-13T00:00:00",
  "startdate": "2023-06-14T15:59:15.512265",
  "finishdate": "2023-06-14T21:52:49.897052",
  "club": {
    "$id": "2",
    "players": {
      "$id": "3",
      "$values": []
    },
    "id": 1,
    "name": "EVK",
    "state": 0
  },
  "mainevent": null,
  "matches": {
    "$id": "4",
    "$values": [
      {
        "$id": "5",
        "finishdate": "2023-06-23T13:30:28.07195",
        "round": 1,
        "court": {
          "$id": "6",
          "id": 1,
          "name": "1",
          "state": 0
        },
        "team1": {
          "$id": "7",
          "players": {
            "$id": "8",
            "$values": [
              {
                "$id": "9",
                "displayname": "Kyller",
                "dob": null,
                "rank": 43,
                "identity": null,
                "id": 5,
                "name": "",
                "state": 0
              },
              {
                "$id": "10",
                "displayname": "Henrik",
                "dob": null,
                "rank": 64,
                "identity": null,
                "id": 7,
                "name": "",
                "state": 0
              }
            ]
          },
          "hasPlayed": false,
          "rank": 53,
          "id": 1276,
          "name": "",
          "state": 0
        },
        "team2": {
          "$id": "11",
          "players": {
            "$id": "12",
            "$values": [
              {
                "$id": "13",
                "displayname": "Tim",
                "dob": null,
                "rank": 45,
                "identity": null,
                "id": 8,
                "name": "",
                "state": 0
              },
              {
                "$id": "14",
                "displayname": "Caroline",
                "dob": null,
                "rank": 36,
                "identity": null,
                "id": 15,
                "name": "",
                "state": 0
              }
            ]
          },
          "hasPlayed": false,
          "rank": 40,
          "id": 1277,
          "name": "",
          "state": 0
        },
        "team1Points": 15,
        "team2Points": 10,
        "team1Status": 0,
        "team2Status": 1,
        "tournament": {
          "$ref": "1"
        },
        "players": {
          "$id": "15",
          "$values": []
        },
        "id": 643,
        "name": " vs. ",
        "state": 2
      },
      {
        "$id": "16",
        "finishdate": "2023-06-23T13:30:28.071952",
        "round": 1,
        "court": {
          "$id": "17",
          "id": 2,
          "name": "2",
          "state": 0
        },
        "team1": {
          "$id": "18",
          "players": {
            "$id": "19",
            "$values": [
              {
                "$id": "20",
                "displayname": "Kim",
                "dob": null,
                "rank": 36,
                "identity": null,
                "id": 9,
                "name": "",
                "state": 0
              },
              {
                "$id": "21",
                "displayname": "Stefano",
                "dob": null,
                "rank": 65,
                "identity": null,
                "id": 12,
                "name": "",
                "state": 0
              }
            ]
          },
          "hasPlayed": false,
          "rank": 50,
          "id": 1278,
          "name": "",
          "state": 0
        },
        "team2": {
          "$id": "22",
          "players": {
            "$id": "23",
            "$values": [
              {
                "$id": "24",
                "displayname": "Bosse",
                "dob": null,
                "rank": 33,
                "identity": null,
                "id": 1,
                "name": "",
                "state": 0
              },
              {
                "$id": "25",
                "displayname": "Nana",
                "dob": null,
                "rank": 70,
                "identity": null,
                "id": 3,
                "name": "",
                "state": 0
              }
            ]
          },
          "hasPlayed": false,
          "rank": 51,
          "id": 1279,
          "name": "",
          "state": 0
        },
        "team1Points": 15,
        "team2Points": 5,
        "team1Status": 0,
        "team2Status": 1,
        "tournament": {
          "$ref": "1"
        },
        "players": {
          "$id": "26",
          "$values": []
        },
        "id": 644,
        "name": " vs. ",
        "state": 2
      },
      {
        "$id": "27",
        "finishdate": "2023-06-23T13:30:28.071952",
        "round": 1,
        "court": {
          "$id": "28",
          "id": 3,
          "name": "3",
          "state": 0
        },
        "team1": {
          "$id": "29",
          "players": {
            "$id": "30",
            "$values": [
              {
                "$id": "31",
                "displayname": "John",
                "dob": null,
                "rank": 39,
                "identity": null,
                "id": 10,
                "name": "",
                "state": 0
              },
              {
                "$id": "32",
                "displayname": "Niels",
                "dob": null,
                "rank": 75,
                "identity": null,
                "id": 14,
                "name": "",
                "state": 0
              }
            ]
          },
          "hasPlayed": false,
          "rank": 57,
          "id": 59,
          "name": "Niels/John",
          "state": 0
        },
        "team2": {
          "$id": "33",
          "players": {
            "$id": "34",
            "$values": [
              {
                "$id": "35",
                "displayname": "Flemming",
                "dob": null,
                "rank": 26,
                "identity": null,
                "id": 2,
                "name": "",
                "state": 0
              },
              {
                "$id": "36",
                "displayname": "Jakob",
                "dob": null,
                "rank": 58,
                "identity": null,
                "id": 18,
                "name": "",
                "state": 0
              }
            ]
          },
          "hasPlayed": false,
          "rank": 42,
          "id": 56,
          "name": "Flemming/Jakob",
          "state": 0
        },
        "team1Points": 15,
        "team2Points": 7,
        "team1Status": 0,
        "team2Status": 1,
        "tournament": {
          "$ref": "1"
        },
        "players": {
          "$id": "37",
          "$values": []
        },
        "id": 645,
        "name": " vs. ",
        "state": 2
      },
      {
        "$id": "38",
        "finishdate": "2023-06-23T13:30:28.071952",
        "round": 2,
        "court": {
          "$ref": "6"
        },
        "team1": {
          "$id": "39",
          "players": {
            "$id": "40",
            "$values": [
              {
                "$ref": "25"
              },
              {
                "$ref": "31"
              }
            ]
          },
          "hasPlayed": false,
          "rank": 54,
          "id": 1282,
          "name": "",
          "state": 0
        },
        "team2": {
          "$id": "41",
          "players": {
            "$id": "42",
            "$values": [
              {
                "$ref": "10"
              },
              {
                "$ref": "36"
              }
            ]
          },
          "hasPlayed": false,
          "rank": 61,
          "id": 1283,
          "name": "",
          "state": 0
        },
        "team1Points": 14,
        "team2Points": 16,
        "team1Status": 1,
        "team2Status": 0,
        "tournament": {
          "$ref": "1"
        },
        "players": {
          "$id": "43",
          "$values": []
        },
        "id": 646,
        "name": " vs. ",
        "state": 2
      },
      {
        "$id": "44",
        "finishdate": "2023-06-23T13:30:28.071952",
        "round": 2,
        "court": {
          "$ref": "17"
        },
        "team1": {
          "$id": "45",
          "players": {
            "$id": "46",
            "$values": [
              {
                "$ref": "9"
              },
              {
                "$ref": "20"
              }
            ]
          },
          "hasPlayed": false,
          "rank": 39,
          "id": 1284,
          "name": "",
          "state": 0
        },
        "team2": {
          "$id": "47",
          "players": {
            "$id": "48",
            "$values": [
              {
                "$ref": "24"
              },
              {
                "$ref": "32"
              }
            ]
          },
          "hasPlayed": false,
          "rank": 54,
          "id": 1285,
          "name": "",
          "state": 0
        },
        "team1Points": 16,
        "team2Points": 14,
        "team1Status": 0,
        "team2Status": 1,
        "tournament": {
          "$ref": "1"
        },
        "players": {
          "$id": "49",
          "$values": []
        },
        "id": 647,
        "name": " vs. ",
        "state": 2
      },
      {
        "$id": "50",
        "finishdate": "2023-06-23T13:30:28.071952",
        "round": 2,
        "court": {
          "$ref": "28"
        },
        "team1": {
          "$id": "51",
          "players": {
            "$id": "52",
            "$values": [
              {
                "$ref": "21"
              },
              {
                "$ref": "14"
              }
            ]
          },
          "hasPlayed": false,
          "rank": 50,
          "id": 1286,
          "name": "",
          "state": 0
        },
        "team2": {
          "$id": "53",
          "players": {
            "$id": "54",
            "$values": [
              {
                "$id": "55",
                "displayname": "Mads",
                "dob": null,
                "rank": 83,
                "identity": null,
                "id": 4,
                "name": "",
                "state": 0
              },
              {
                "$ref": "13"
              }
            ]
          },
          "hasPlayed": false,
          "rank": 64,
          "id": 1287,
          "name": "",
          "state": 0
        },
        "team1Points": 17,
        "team2Points": 19,
        "team1Status": 1,
        "team2Status": 0,
        "tournament": {
          "$ref": "1"
        },
        "players": {
          "$id": "56",
          "$values": []
        },
        "id": 648,
        "name": " vs. ",
        "state": 2
      },
      {
        "$id": "57",
        "finishdate": "2023-06-23T13:30:28.071953",
        "round": 3,
        "court": {
          "$ref": "6"
        },
        "team1": {
          "$id": "58",
          "players": {
            "$id": "59",
            "$values": [
              {
                "$ref": "31"
              },
              {
                "$ref": "36"
              }
            ]
          },
          "hasPlayed": false,
          "rank": 48,
          "id": 1288,
          "name": "",
          "state": 0
        },
        "team2": {
          "$id": "60",
          "players": {
            "$id": "61",
            "$values": [
              {
                "$ref": "35"
              },
              {
                "$ref": "25"
              }
            ]
          },
          "hasPlayed": false,
          "rank": 48,
          "id": 1289,
          "name": "",
          "state": 0
        },
        "team1Points": 15,
        "team2Points": 10,
        "team1Status": 0,
        "team2Status": 1,
        "tournament": {
          "$ref": "1"
        },
        "players": {
          "$id": "62",
          "$values": []
        },
        "id": 649,
        "name": " vs. ",
        "state": 2
      },
      {
        "$id": "63",
        "finishdate": "2023-06-23T13:30:28.071953",
        "round": 3,
        "court": {
          "$ref": "17"
        },
        "team1": {
          "$id": "64",
          "players": {
            "$id": "65",
            "$values": [
              {
                "$ref": "10"
              },
              {
                "$ref": "20"
              }
            ]
          },
          "hasPlayed": false,
          "rank": 50,
          "id": 1290,
          "name": "",
          "state": 0
        },
        "team2": {
          "$id": "66",
          "players": {
            "$id": "67",
            "$values": [
              {
                "$ref": "9"
              },
              {
                "$ref": "14"
              }
            ]
          },
          "hasPlayed": false,
          "rank": 39,
          "id": 1291,
          "name": "",
          "state": 0
        },
        "team1Points": 15,
        "team2Points": 11,
        "team1Status": 0,
        "team2Status": 1,
        "tournament": {
          "$ref": "1"
        },
        "players": {
          "$id": "68",
          "$values": []
        },
        "id": 650,
        "name": " vs. ",
        "state": 2
      },
      {
        "$id": "69",
        "finishdate": "2023-06-23T13:30:28.071953",
        "round": 3,
        "court": {
          "$ref": "28"
        },
        "team1": {
          "$id": "70",
          "players": {
            "$id": "71",
            "$values": [
              {
                "$ref": "13"
              },
              {
                "$ref": "21"
              }
            ]
          },
          "hasPlayed": false,
          "rank": 55,
          "id": 1292,
          "name": "",
          "state": 0
        },
        "team2": {
          "$id": "72",
          "players": {
            "$id": "73",
            "$values": [
              {
                "$ref": "55"
              },
              {
                "$ref": "32"
              }
            ]
          },
          "hasPlayed": false,
          "rank": 79,
          "id": 1293,
          "name": "",
          "state": 0
        },
        "team1Points": 10,
        "team2Points": 16,
        "team1Status": 1,
        "team2Status": 0,
        "tournament": {
          "$ref": "1"
        },
        "players": {
          "$id": "74",
          "$values": []
        },
        "id": 651,
        "name": " vs. ",
        "state": 2
      },
      {
        "$id": "75",
        "finishdate": "2023-06-23T13:30:28.071953",
        "round": 4,
        "court": {
          "$ref": "6"
        },
        "team1": {
          "$id": "76",
          "players": {
            "$id": "77",
            "$values": [
              {
                "$ref": "24"
              },
              {
                "$ref": "21"
              }
            ]
          },
          "hasPlayed": false,
          "rank": 49,
          "id": 16,
          "name": "Bosse/Stefano",
          "state": 0
        },
        "team2": {
          "$id": "78",
          "players": {
            "$id": "79",
            "$values": [
              {
                "$ref": "35"
              },
              {
                "$ref": "55"
              }
            ]
          },
          "hasPlayed": false,
          "rank": 54,
          "id": 9,
          "name": "Mads/Flemming",
          "state": 0
        },
        "team1Points": 14,
        "team2Points": 16,
        "team1Status": 1,
        "team2Status": 0,
        "tournament": {
          "$ref": "1"
        },
        "players": {
          "$id": "80",
          "$values": []
        },
        "id": 652,
        "name": " vs. ",
        "state": 2
      },
      {
        "$id": "81",
        "finishdate": "2023-06-23T13:30:28.071953",
        "round": 4,
        "court": {
          "$ref": "17"
        },
        "team1": {
          "$id": "82",
          "players": {
            "$id": "83",
            "$values": [
              {
                "$ref": "10"
              },
              {
                "$ref": "13"
              }
            ]
          },
          "hasPlayed": false,
          "rank": 54,
          "id": 23,
          "name": "Tim/Henrik",
          "state": 0
        },
        "team2": {
          "$id": "84",
          "players": {
            "$id": "85",
            "$values": [
              {
                "$ref": "14"
              },
              {
                "$ref": "36"
              }
            ]
          },
          "hasPlayed": false,
          "rank": 47,
          "id": 92,
          "name": "Caroline/Jakob",
          "state": 0
        },
        "team1Points": 15,
        "team2Points": 8,
        "team1Status": 0,
        "team2Status": 1,
        "tournament": {
          "$ref": "1"
        },
        "players": {
          "$id": "86",
          "$values": []
        },
        "id": 653,
        "name": " vs. ",
        "state": 2
      },
      {
        "$id": "87",
        "finishdate": "2023-06-23T13:30:28.071953",
        "round": 4,
        "court": {
          "$ref": "28"
        },
        "team1": {
          "$id": "88",
          "players": {
            "$id": "89",
            "$values": [
              {
                "$ref": "9"
              },
              {
                "$ref": "31"
              }
            ]
          },
          "hasPlayed": false,
          "rank": 41,
          "id": 1298,
          "name": "",
          "state": 0
        },
        "team2": {
          "$id": "90",
          "players": {
            "$id": "91",
            "$values": [
              {
                "$ref": "20"
              },
              {
                "$ref": "32"
              }
            ]
          },
          "hasPlayed": false,
          "rank": 55,
          "id": 1299,
          "name": "",
          "state": 0
        },
        "team1Points": 9,
        "team2Points": 15,
        "team1Status": 1,
        "team2Status": 0,
        "tournament": {
          "$ref": "1"
        },
        "players": {
          "$id": "92",
          "$values": []
        },
        "id": 654,
        "name": " vs. ",
        "state": 2
      },
      {
        "$id": "93",
        "finishdate": "2023-06-23T13:30:28.071953",
        "round": 5,
        "court": {
          "$ref": "6"
        },
        "team1": {
          "$id": "94",
          "players": {
            "$id": "95",
            "$values": [
              {
                "$ref": "25"
              },
              {
                "$ref": "36"
              }
            ]
          },
          "hasPlayed": false,
          "rank": 64,
          "id": 1300,
          "name": "",
          "state": 0
        },
        "team2": {
          "$id": "96",
          "players": {
            "$id": "97",
            "$values": [
              {
                "$ref": "24"
              },
              {
                "$ref": "35"
              }
            ]
          },
          "hasPlayed": false,
          "rank": 29,
          "id": 1301,
          "name": "",
          "state": 0
        },
        "team1Points": 15,
        "team2Points": 9,
        "team1Status": 0,
        "team2Status": 1,
        "tournament": {
          "$ref": "1"
        },
        "players": {
          "$id": "98",
          "$values": []
        },
        "id": 655,
        "name": " vs. ",
        "state": 2
      },
      {
        "$id": "99",
        "finishdate": "2023-06-23T13:30:28.071954",
        "round": 5,
        "court": {
          "$ref": "17"
        },
        "team1": {
          "$id": "100",
          "players": {
            "$id": "101",
            "$values": [
              {
                "$ref": "31"
              },
              {
                "$ref": "21"
              }
            ]
          },
          "hasPlayed": false,
          "rank": 52,
          "id": 1302,
          "name": "",
          "state": 0
        },
        "team2": {
          "$id": "102",
          "players": {
            "$id": "103",
            "$values": [
              {
                "$ref": "55"
              },
              {
                "$ref": "9"
              }
            ]
          },
          "hasPlayed": false,
          "rank": 63,
          "id": 1303,
          "name": "",
          "state": 0
        },
        "team1Points": 13,
        "team2Points": 15,
        "team1Status": 1,
        "team2Status": 0,
        "tournament": {
          "$ref": "1"
        },
        "players": {
          "$id": "104",
          "$values": []
        },
        "id": 656,
        "name": " vs. ",
        "state": 2
      },
      {
        "$id": "105",
        "finishdate": "2023-06-23T13:30:28.071954",
        "round": 5,
        "court": {
          "$ref": "28"
        },
        "team1": {
          "$id": "106",
          "players": {
            "$id": "107",
            "$values": [
              {
                "$ref": "10"
              },
              {
                "$ref": "14"
              }
            ]
          },
          "hasPlayed": false,
          "rank": 50,
          "id": 1304,
          "name": "",
          "state": 0
        },
        "team2": {
          "$id": "108",
          "players": {
            "$id": "109",
            "$values": [
              {
                "$ref": "13"
              },
              {
                "$ref": "32"
              }
            ]
          },
          "hasPlayed": false,
          "rank": 60,
          "id": 1305,
          "name": "",
          "state": 0
        },
        "team1Points": 11,
        "team2Points": 15,
        "team1Status": 1,
        "team2Status": 0,
        "tournament": {
          "$ref": "1"
        },
        "players": {
          "$id": "110",
          "$values": []
        },
        "id": 657,
        "name": " vs. ",
        "state": 2
      },
      {
        "$id": "111",
        "finishdate": "2023-06-23T13:30:28.071954",
        "round": 6,
        "court": {
          "$ref": "6"
        },
        "team1": {
          "$id": "112",
          "players": {
            "$id": "113",
            "$values": [
              {
                "$ref": "24"
              },
              {
                "$ref": "36"
              }
            ]
          },
          "hasPlayed": false,
          "rank": 45,
          "id": 1306,
          "name": "",
          "state": 0
        },
        "team2": {
          "$id": "114",
          "players": {
            "$id": "115",
            "$values": [
              {
                "$ref": "35"
              },
              {
                "$ref": "20"
              }
            ]
          },
          "hasPlayed": false,
          "rank": 31,
          "id": 1307,
          "name": "",
          "state": 0
        },
        "team1Points": 15,
        "team2Points": 12,
        "team1Status": 0,
        "team2Status": 1,
        "tournament": {
          "$ref": "1"
        },
        "players": {
          "$id": "116",
          "$values": []
        },
        "id": 658,
        "name": " vs. ",
        "state": 2
      },
      {
        "$id": "117",
        "finishdate": "2023-06-23T13:30:28.071954",
        "round": 6,
        "court": {
          "$ref": "17"
        },
        "team1": {
          "$id": "118",
          "players": {
            "$id": "119",
            "$values": [
              {
                "$ref": "55"
              },
              {
                "$ref": "10"
              }
            ]
          },
          "hasPlayed": false,
          "rank": 73,
          "id": 1308,
          "name": "",
          "state": 0
        },
        "team2": {
          "$id": "120",
          "players": {
            "$id": "121",
            "$values": [
              {
                "$ref": "25"
              },
              {
                "$ref": "13"
              }
            ]
          },
          "hasPlayed": false,
          "rank": 57,
          "id": 1309,
          "name": "",
          "state": 0
        },
        "team1Points": 15,
        "team2Points": 5,
        "team1Status": 0,
        "team2Status": 1,
        "tournament": {
          "$ref": "1"
        },
        "players": {
          "$id": "122",
          "$values": []
        },
        "id": 659,
        "name": " vs. ",
        "state": 2
      },
      {
        "$id": "123",
        "finishdate": "2023-06-23T13:30:28.071954",
        "round": 6,
        "court": {
          "$ref": "28"
        },
        "team1": {
          "$id": "124",
          "players": {
            "$id": "125",
            "$values": [
              {
                "$ref": "31"
              },
              {
                "$ref": "14"
              }
            ]
          },
          "hasPlayed": false,
          "rank": 37,
          "id": 1310,
          "name": "",
          "state": 0
        },
        "team2": {
          "$id": "126",
          "players": {
            "$id": "127",
            "$values": [
              {
                "$ref": "9"
              },
              {
                "$ref": "32"
              }
            ]
          },
          "hasPlayed": false,
          "rank": 59,
          "id": 1311,
          "name": "",
          "state": 0
        },
        "team1Points": 11,
        "team2Points": 15,
        "team1Status": 1,
        "team2Status": 0,
        "tournament": {
          "$ref": "1"
        },
        "players": {
          "$id": "128",
          "$values": []
        },
        "id": 660,
        "name": " vs. ",
        "state": 2
      },
      {
        "$id": "129",
        "finishdate": "2023-06-23T13:30:28.071954",
        "round": 7,
        "court": {
          "$ref": "6"
        },
        "team1": {
          "$id": "130",
          "players": {
            "$id": "131",
            "$values": [
              {
                "$ref": "20"
              },
              {
                "$ref": "32"
              }
            ]
          },
          "hasPlayed": false,
          "rank": 55,
          "id": 32,
          "name": "Niels/Kim",
          "state": 0
        },
        "team2": {
          "$id": "132",
          "players": {
            "$id": "133",
            "$values": [
              {
                "$ref": "55"
              },
              {
                "$ref": "10"
              }
            ]
          },
          "hasPlayed": false,
          "rank": 73,
          "id": 133,
          "name": "Mads/Henrik",
          "state": 0
        },
        "team1Points": 5,
        "team2Points": 15,
        "team1Status": 1,
        "team2Status": 0,
        "tournament": {
          "$ref": "1"
        },
        "players": {
          "$id": "134",
          "$values": []
        },
        "id": 661,
        "name": " vs. ",
        "state": 2
      }
    ]
  },
  "currentRound": 7,
  "totalRounds": 1,
  "pointsToWin": 15,
  "id": 21,
  "name": "EVK Sommer Beach 14 jun. 2023",
  "state": 2
}