{
  "$id": "1",
  "playDate": "2023-06-08T00:00:00",
  "startdate": "2023-06-11T12:36:04.776174",
  "finishdate": "2023-06-11T12:36:18.832242",
  "club": {
    "$id": "2",
    "players": {
      "$id": "3",
      "$values": []
    },
    "id": 1,
    "name": "EVK",
    "state": 0
  },
  "mainevent": null,
  "matches": {
    "$id": "4",
    "$values": [
      {
        "$id": "5",
        "finishdate": "2023-06-23T13:41:23.284492",
        "round": 1,
        "court": {
          "$id": "6",
          "id": 1,
          "name": "1",
          "state": 0
        },
        "team1": {
          "$id": "7",
          "players": {
            "$id": "8",
            "$values": [
              {
                "$id": "9",
                "displayname": "Bosse",
                "dob": null,
                "rank": 33,
                "identity": null,
                "id": 1,
                "name": "",
                "state": 0
              },
              {
                "$id": "10",
                "displayname": "Bruno",
                "dob": null,
                "rank": 41,
                "identity": null,
                "id": 13,
                "name": "",
                "state": 0
              }
            ]
          },
          "hasPlayed": false,
          "rank": 37,
          "id": 51,
          "name": "John/Asser",
          "state": 0
        },
        "team2": {
          "$id": "11",
          "players": {
            "$id": "12",
            "$values": [
              {
                "$id": "13",
                "displayname": "John",
                "dob": null,
                "rank": 39,
                "identity": null,
                "id": 10,
                "name": "",
                "state": 0
              },
              {
                "$id": "14",
                "displayname": "Asser",
                "dob": null,
                "rank": 41,
                "identity": null,
                "id": 17,
                "name": "",
                "state": 0
              }
            ]
          },
          "hasPlayed": false,
          "rank": 40,
          "id": 181,
          "name": "John/Asser",
          "state": 0
        },
        "team1Points": 16,
        "team2Points": 14,
        "team1Status": 0,
        "team2Status": 1,
        "tournament": {
          "$ref": "1"
        },
        "players": {
          "$id": "15",
          "$values": []
        },
        "id": 493,
        "name": "",
        "state": 2
      },
      {
        "$id": "16",
        "finishdate": "2023-06-23T13:41:23.284548",
        "round": 1,
        "court": {
          "$id": "17",
          "id": 2,
          "name": "2",
          "state": 0
        },
        "team1": {
          "$id": "18",
          "players": {
            "$id": "19",
            "$values": [
              {
                "$id": "20",
                "displayname": "Tim",
                "dob": null,
                "rank": 45,
                "identity": null,
                "id": 8,
                "name": "",
                "state": 0
              },
              {
                "$id": "21",
                "displayname": "Curtis",
                "dob": null,
                "rank": 35,
                "identity": null,
                "id": 11,
                "name": "",
                "state": 0
              }
            ]
          },
          "hasPlayed": false,
          "rank": 40,
          "id": 58,
          "name": "Curtis/Tim",
          "state": 0
        },
        "team2": {
          "$id": "22",
          "players": {
            "$id": "23",
            "$values": [
              {
                "$id": "24",
                "displayname": "Kyller",
                "dob": null,
                "rank": 43,
                "identity": null,
                "id": 5,
                "name": "",
                "state": 0
              },
              {
                "$id": "25",
                "displayname": "Antonio",
                "dob": null,
                "rank": 71,
                "identity": null,
                "id": 16,
                "name": "",
                "state": 0
              }
            ]
          },
          "hasPlayed": false,
          "rank": 57,
          "id": 91,
          "name": "Antonio/Kyller",
          "state": 0
        },
        "team1Points": 6,
        "team2Points": 15,
        "team1Status": 1,
        "team2Status": 0,
        "tournament": {
          "$ref": "1"
        },
        "players": {
          "$id": "26",
          "$values": []
        },
        "id": 494,
        "name": "",
        "state": 2
      },
      {
        "$id": "27",
        "finishdate": "2023-06-23T13:41:23.284549",
        "round": 2,
        "court": {
          "$ref": "6"
        },
        "team1": {
          "$id": "28",
          "players": {
            "$id": "29",
            "$values": [
              {
                "$ref": "9"
              },
              {
                "$ref": "13"
              }
            ]
          },
          "hasPlayed": false,
          "rank": 36,
          "id": 33,
          "name": "John/Bosse",
          "state": 0
        },
        "team2": {
          "$id": "30",
          "players": {
            "$id": "31",
            "$values": [
              {
                "$ref": "10"
              },
              {
                "$ref": "14"
              }
            ]
          },
          "hasPlayed": false,
          "rank": 41,
          "id": 90,
          "name": "Bruno/Asser",
          "state": 0
        },
        "team1Points": 15,
        "team2Points": 17,
        "team1Status": 1,
        "team2Status": 0,
        "tournament": {
          "$ref": "1"
        },
        "players": {
          "$id": "32",
          "$values": []
        },
        "id": 495,
        "name": "",
        "state": 2
      },
      {
        "$id": "33",
        "finishdate": "2023-06-23T13:41:23.28455",
        "round": 2,
        "court": {
          "$ref": "17"
        },
        "team1": {
          "$id": "34",
          "players": {
            "$id": "35",
            "$values": [
              {
                "$ref": "24"
              },
              {
                "$id": "36",
                "displayname": "Peter",
                "dob": null,
                "rank": 20,
                "identity": null,
                "id": 6,
                "name": "",
                "state": 0
              }
            ]
          },
          "hasPlayed": false,
          "rank": 31,
          "id": 150,
          "name": "Peter/Kyller",
          "state": 0
        },
        "team2": {
          "$id": "37",
          "players": {
            "$id": "38",
            "$values": [
              {
                "$id": "39",
                "displayname": "Henrik",
                "dob": null,
                "rank": 64,
                "identity": null,
                "id": 7,
                "name": "",
                "state": 0
              },
              {
                "$id": "40",
                "displayname": "Stefano",
                "dob": null,
                "rank": 65,
                "identity": null,
                "id": 12,
                "name": "",
                "state": 0
              }
            ]
          },
          "hasPlayed": false,
          "rank": 64,
          "id": 61,
          "name": "Henrik/Stefano",
          "state": 0
        },
        "team1Points": 5,
        "team2Points": 15,
        "team1Status": 1,
        "team2Status": 0,
        "tournament": {
          "$ref": "1"
        },
        "players": {
          "$id": "41",
          "$values": []
        },
        "id": 496,
        "name": "",
        "state": 2
      },
      {
        "$id": "42",
        "finishdate": "2023-06-23T13:41:23.28455",
        "round": 3,
        "court": {
          "$ref": "6"
        },
        "team1": {
          "$id": "43",
          "players": {
            "$id": "44",
            "$values": [
              {
                "$ref": "9"
              },
              {
                "$ref": "20"
              }
            ]
          },
          "hasPlayed": false,
          "rank": 39,
          "id": 41,
          "name": "Tim/Bosse",
          "state": 0
        },
        "team2": {
          "$id": "45",
          "players": {
            "$id": "46",
            "$values": [
              {
                "$ref": "13"
              },
              {
                "$ref": "40"
              }
            ]
          },
          "hasPlayed": false,
          "rank": 52,
          "id": 43,
          "name": "John/Stefano",
          "state": 0
        },
        "team1Points": 8,
        "team2Points": 15,
        "team1Status": 1,
        "team2Status": 0,
        "tournament": {
          "$ref": "1"
        },
        "players": {
          "$id": "47",
          "$values": []
        },
        "id": 497,
        "name": "",
        "state": 2
      },
      {
        "$id": "48",
        "finishdate": "2023-06-23T13:41:23.28455",
        "round": 3,
        "court": {
          "$ref": "17"
        },
        "team1": {
          "$id": "49",
          "players": {
            "$id": "50",
            "$values": [
              {
                "$ref": "39"
              },
              {
                "$ref": "14"
              }
            ]
          },
          "hasPlayed": false,
          "rank": 52,
          "id": 34,
          "name": "Henrik/Asser",
          "state": 0
        },
        "team2": {
          "$id": "51",
          "players": {
            "$id": "52",
            "$values": [
              {
                "$ref": "21"
              },
              {
                "$ref": "25"
              }
            ]
          },
          "hasPlayed": false,
          "rank": 53,
          "id": 30,
          "name": "Antonio/Curtis",
          "state": 0
        },
        "team1Points": 13,
        "team2Points": 15,
        "team1Status": 1,
        "team2Status": 0,
        "tournament": {
          "$ref": "1"
        },
        "players": {
          "$id": "53",
          "$values": []
        },
        "id": 498,
        "name": "",
        "state": 2
      },
      {
        "$id": "54",
        "finishdate": "2023-06-23T13:41:23.28455",
        "round": 4,
        "court": {
          "$ref": "6"
        },
        "team1": {
          "$id": "55",
          "players": {
            "$id": "56",
            "$values": [
              {
                "$ref": "9"
              },
              {
                "$ref": "21"
              }
            ]
          },
          "hasPlayed": false,
          "rank": 34,
          "id": 113,
          "name": "Curtis/Bosse",
          "state": 0
        },
        "team2": {
          "$id": "57",
          "players": {
            "$id": "58",
            "$values": [
              {
                "$ref": "40"
              },
              {
                "$ref": "10"
              }
            ]
          },
          "hasPlayed": false,
          "rank": 53,
          "id": 81,
          "name": "Bruno/Stefano",
          "state": 0
        },
        "team1Points": 10,
        "team2Points": 15,
        "team1Status": 1,
        "team2Status": 0,
        "tournament": {
          "$ref": "1"
        },
        "players": {
          "$id": "59",
          "$values": []
        },
        "id": 499,
        "name": "",
        "state": 2
      },
      {
        "$id": "60",
        "finishdate": "2023-06-23T13:41:23.28455",
        "round": 4,
        "court": {
          "$ref": "17"
        },
        "team1": {
          "$id": "61",
          "players": {
            "$id": "62",
            "$values": [
              {
                "$ref": "20"
              },
              {
                "$ref": "25"
              }
            ]
          },
          "hasPlayed": false,
          "rank": 58,
          "id": 83,
          "name": "Antonio/Tim",
          "state": 0
        },
        "team2": {
          "$id": "63",
          "players": {
            "$id": "64",
            "$values": [
              {
                "$ref": "24"
              },
              {
                "$ref": "39"
              }
            ]
          },
          "hasPlayed": false,
          "rank": 53,
          "id": 44,
          "name": "Henrik/Kyller",
          "state": 0
        },
        "team1Points": 15,
        "team2Points": 9,
        "team1Status": 0,
        "team2Status": 1,
        "tournament": {
          "$ref": "1"
        },
        "players": {
          "$id": "65",
          "$values": []
        },
        "id": 500,
        "name": "",
        "state": 2
      },
      {
        "$id": "66",
        "finishdate": "2023-06-23T13:41:23.284551",
        "round": 5,
        "court": {
          "$ref": "6"
        },
        "team1": {
          "$id": "67",
          "players": {
            "$id": "68",
            "$values": [
              {
                "$ref": "9"
              },
              {
                "$ref": "36"
              }
            ]
          },
          "hasPlayed": false,
          "rank": 26,
          "id": 104,
          "name": "Peter/Bosse",
          "state": 0
        },
        "team2": {
          "$id": "69",
          "players": {
            "$id": "70",
            "$values": [
              {
                "$ref": "20"
              },
              {
                "$ref": "10"
              }
            ]
          },
          "hasPlayed": false,
          "rank": 43,
          "id": 101,
          "name": "Bruno/Tim",
          "state": 0
        },
        "team1Points": 15,
        "team2Points": 10,
        "team1Status": 0,
        "team2Status": 1,
        "tournament": {
          "$ref": "1"
        },
        "players": {
          "$id": "71",
          "$values": []
        },
        "id": 501,
        "name": "",
        "state": 2
      },
      {
        "$id": "72",
        "finishdate": "2023-06-23T13:41:23.284551",
        "round": 5,
        "court": {
          "$ref": "17"
        },
        "team1": {
          "$id": "73",
          "players": {
            "$id": "74",
            "$values": [
              {
                "$ref": "40"
              },
              {
                "$ref": "14"
              }
            ]
          },
          "hasPlayed": false,
          "rank": 53,
          "id": 26,
          "name": "Asser/Stefano",
          "state": 0
        },
        "team2": {
          "$id": "75",
          "players": {
            "$id": "76",
            "$values": [
              {
                "$ref": "24"
              },
              {
                "$ref": "13"
              }
            ]
          },
          "hasPlayed": false,
          "rank": 41,
          "id": 70,
          "name": "John/Kyller",
          "state": 0
        },
        "team1Points": 15,
        "team2Points": 4,
        "team1Status": 0,
        "team2Status": 1,
        "tournament": {
          "$ref": "1"
        },
        "players": {
          "$id": "77",
          "$values": []
        },
        "id": 502,
        "name": "",
        "state": 2
      },
      {
        "$id": "78",
        "finishdate": "2023-06-23T13:41:23.284551",
        "round": 6,
        "court": {
          "$ref": "6"
        },
        "team1": {
          "$id": "79",
          "players": {
            "$id": "80",
            "$values": [
              {
                "$ref": "9"
              },
              {
                "$ref": "14"
              }
            ]
          },
          "hasPlayed": false,
          "rank": 37,
          "id": 7,
          "name": "Bosse/Asser",
          "state": 0
        },
        "team2": {
          "$id": "81",
          "players": {
            "$id": "82",
            "$values": [
              {
                "$ref": "13"
              },
              {
                "$ref": "10"
              }
            ]
          },
          "hasPlayed": false,
          "rank": 40,
          "id": 137,
          "name": "Bruno/John",
          "state": 0
        },
        "team1Points": 15,
        "team2Points": 9,
        "team1Status": 0,
        "team2Status": 1,
        "tournament": {
          "$ref": "1"
        },
        "players": {
          "$id": "83",
          "$values": []
        },
        "id": 503,
        "name": "",
        "state": 2
      },
      {
        "$id": "84",
        "finishdate": "2023-06-23T13:41:23.284551",
        "round": 6,
        "court": {
          "$ref": "17"
        },
        "team1": {
          "$id": "85",
          "players": {
            "$id": "86",
            "$values": [
              {
                "$ref": "24"
              },
              {
                "$ref": "21"
              }
            ]
          },
          "hasPlayed": false,
          "rank": 39,
          "id": 146,
          "name": "Curtis/Kyller",
          "state": 0
        },
        "team2": {
          "$id": "87",
          "players": {
            "$id": "88",
            "$values": [
              {
                "$ref": "39"
              },
              {
                "$ref": "25"
              }
            ]
          },
          "hasPlayed": false,
          "rank": 67,
          "id": 122,
          "name": "Antonio/Henrik",
          "state": 0
        },
        "team1Points": 8,
        "team2Points": 15,
        "team1Status": 1,
        "team2Status": 0,
        "tournament": {
          "$ref": "1"
        },
        "players": {
          "$id": "89",
          "$values": []
        },
        "id": 504,
        "name": "",
        "state": 2
      },
      {
        "$id": "90",
        "finishdate": "2023-06-23T13:41:23.284551",
        "round": 7,
        "court": {
          "$ref": "6"
        },
        "team1": {
          "$id": "91",
          "players": {
            "$id": "92",
            "$values": [
              {
                "$ref": "20"
              },
              {
                "$ref": "13"
              }
            ]
          },
          "hasPlayed": false,
          "rank": 42,
          "id": 14,
          "name": "Tim/John",
          "state": 0
        },
        "team2": {
          "$id": "93",
          "players": {
            "$id": "94",
            "$values": [
              {
                "$ref": "39"
              },
              {
                "$ref": "10"
              }
            ]
          },
          "hasPlayed": false,
          "rank": 52,
          "id": 147,
          "name": "Bruno/Henrik",
          "state": 0
        },
        "team1Points": 2,
        "team2Points": 15,
        "team1Status": 1,
        "team2Status": 0,
        "tournament": {
          "$ref": "1"
        },
        "players": {
          "$id": "95",
          "$values": []
        },
        "id": 505,
        "name": "",
        "state": 2
      },
      {
        "$id": "96",
        "finishdate": "2023-06-23T13:41:23.284552",
        "round": 7,
        "court": {
          "$ref": "17"
        },
        "team1": {
          "$id": "97",
          "players": {
            "$id": "98",
            "$values": [
              {
                "$ref": "36"
              },
              {
                "$ref": "21"
              }
            ]
          },
          "hasPlayed": false,
          "rank": 27,
          "id": 22,
          "name": "Curtis/Peter",
          "state": 0
        },
        "team2": {
          "$id": "99",
          "players": {
            "$id": "100",
            "$values": [
              {
                "$ref": "24"
              },
              {
                "$ref": "40"
              }
            ]
          },
          "hasPlayed": false,
          "rank": 54,
          "id": 8,
          "name": "Stefano/Kyller",
          "state": 0
        },
        "team1Points": 10,
        "team2Points": 15,
        "team1Status": 1,
        "team2Status": 0,
        "tournament": {
          "$ref": "1"
        },
        "players": {
          "$id": "101",
          "$values": []
        },
        "id": 506,
        "name": "",
        "state": 2
      },
      {
        "$id": "102",
        "finishdate": "2023-06-23T13:41:23.284552",
        "round": 8,
        "court": {
          "$ref": "6"
        },
        "team1": {
          "$id": "103",
          "players": {
            "$id": "104",
            "$values": [
              {
                "$ref": "9"
              },
              {
                "$ref": "25"
              }
            ]
          },
          "hasPlayed": false,
          "rank": 52,
          "id": 140,
          "name": "Antonio/Bosse",
          "state": 0
        },
        "team2": {
          "$id": "105",
          "players": {
            "$id": "106",
            "$values": [
              {
                "$ref": "24"
              },
              {
                "$ref": "14"
              }
            ]
          },
          "hasPlayed": false,
          "rank": 42,
          "id": 62,
          "name": "Asser/Kyller",
          "state": 0
        },
        "team1Points": 15,
        "team2Points": 10,
        "team1Status": 0,
        "team2Status": 1,
        "tournament": {
          "$ref": "1"
        },
        "players": {
          "$id": "107",
          "$values": []
        },
        "id": 507,
        "name": "",
        "state": 2
      },
      {
        "$id": "108",
        "finishdate": "2023-06-23T13:41:23.284552",
        "round": 8,
        "court": {
          "$ref": "17"
        },
        "team1": {
          "$id": "109",
          "players": {
            "$id": "110",
            "$values": [
              {
                "$ref": "21"
              },
              {
                "$ref": "40"
              }
            ]
          },
          "hasPlayed": false,
          "rank": 50,
          "id": 141,
          "name": "Curtis/Stefano",
          "state": 0
        },
        "team2": {
          "$id": "111",
          "players": {
            "$id": "112",
            "$values": [
              {
                "$ref": "36"
              },
              {
                "$ref": "20"
              }
            ]
          },
          "hasPlayed": false,
          "rank": 32,
          "id": 31,
          "name": "Peter/Tim",
          "state": 0
        },
        "team1Points": 15,
        "team2Points": 3,
        "team1Status": 0,
        "team2Status": 1,
        "tournament": {
          "$ref": "1"
        },
        "players": {
          "$id": "113",
          "$values": []
        },
        "id": 508,
        "name": "",
        "state": 2
      },
      {
        "$id": "114",
        "finishdate": "2023-06-23T13:41:23.284552",
        "round": 9,
        "court": {
          "$ref": "6"
        },
        "team1": {
          "$id": "115",
          "players": {
            "$id": "116",
            "$values": [
              {
                "$ref": "24"
              },
              {
                "$ref": "10"
              }
            ]
          },
          "hasPlayed": false,
          "rank": 42,
          "id": 107,
          "name": "Bruno/Kyller",
          "state": 0
        },
        "team2": {
          "$id": "117",
          "players": {
            "$id": "118",
            "$values": [
              {
                "$ref": "13"
              },
              {
                "$ref": "25"
              }
            ]
          },
          "hasPlayed": false,
          "rank": 55,
          "id": 130,
          "name": "Antonio/John",
          "state": 0
        },
        "team1Points": 12,
        "team2Points": 15,
        "team1Status": 1,
        "team2Status": 0,
        "tournament": {
          "$ref": "1"
        },
        "players": {
          "$id": "119",
          "$values": []
        },
        "id": 509,
        "name": "",
        "state": 2
      },
      {
        "$id": "120",
        "finishdate": "2023-06-23T13:41:23.284552",
        "round": 9,
        "court": {
          "$ref": "17"
        },
        "team1": {
          "$id": "121",
          "players": {
            "$id": "122",
            "$values": [
              {
                "$ref": "20"
              },
              {
                "$ref": "40"
              }
            ]
          },
          "hasPlayed": false,
          "rank": 55,
          "id": 115,
          "name": "Tim/Stefano",
          "state": 0
        },
        "team2": {
          "$id": "123",
          "players": {
            "$id": "124",
            "$values": [
              {
                "$ref": "36"
              },
              {
                "$ref": "39"
              }
            ]
          },
          "hasPlayed": false,
          "rank": 42,
          "id": 95,
          "name": "Peter/Henrik",
          "state": 0
        },
        "team1Points": 15,
        "team2Points": 8,
        "team1Status": 0,
        "team2Status": 1,
        "tournament": {
          "$ref": "1"
        },
        "players": {
          "$id": "125",
          "$values": []
        },
        "id": 510,
        "name": "",
        "state": 2
      },
      {
        "$id": "126",
        "finishdate": "2023-06-23T13:41:23.284552",
        "round": 10,
        "court": {
          "$ref": "6"
        },
        "team1": {
          "$id": "127",
          "players": {
            "$id": "128",
            "$values": [
              {
                "$ref": "9"
              },
              {
                "$ref": "39"
              }
            ]
          },
          "hasPlayed": false,
          "rank": 48,
          "id": 52,
          "name": "Henrik/Bosse",
          "state": 0
        },
        "team2": {
          "$id": "129",
          "players": {
            "$id": "130",
            "$values": [
              {
                "$ref": "20"
              },
              {
                "$ref": "14"
              }
            ]
          },
          "hasPlayed": false,
          "rank": 43,
          "id": 96,
          "name": "Tim/Asser",
          "state": 0
        },
        "team1Points": 10,
        "team2Points": 15,
        "team1Status": 1,
        "team2Status": 0,
        "tournament": {
          "$ref": "1"
        },
        "players": {
          "$id": "131",
          "$values": []
        },
        "id": 511,
        "name": "",
        "state": 2
      },
      {
        "$id": "132",
        "finishdate": "2023-06-23T13:41:23.284553",
        "round": 10,
        "court": {
          "$ref": "17"
        },
        "team1": {
          "$id": "133",
          "players": {
            "$id": "134",
            "$values": [
              {
                "$ref": "10"
              },
              {
                "$ref": "25"
              }
            ]
          },
          "hasPlayed": false,
          "rank": 56,
          "id": 11,
          "name": "Bruno/Antonio",
          "state": 0
        },
        "team2": {
          "$id": "135",
          "players": {
            "$id": "136",
            "$values": [
              {
                "$ref": "36"
              },
              {
                "$ref": "40"
              }
            ]
          },
          "hasPlayed": false,
          "rank": 42,
          "id": 123,
          "name": "Peter/Stefano",
          "state": 0
        },
        "team1Points": 16,
        "team2Points": 14,
        "team1Status": 0,
        "team2Status": 1,
        "tournament": {
          "$ref": "1"
        },
        "players": {
          "$id": "137",
          "$values": []
        },
        "id": 512,
        "name": "",
        "state": 2
      },
      {
        "$id": "138",
        "finishdate": "2023-06-23T13:41:23.284553",
        "round": 11,
        "court": {
          "$ref": "6"
        },
        "team1": {
          "$id": "139",
          "players": {
            "$id": "140",
            "$values": [
              {
                "$ref": "21"
              },
              {
                "$ref": "14"
              }
            ]
          },
          "hasPlayed": false,
          "rank": 38,
          "id": 132,
          "name": "Curtis/Asser",
          "state": 0
        },
        "team2": {
          "$id": "141",
          "players": {
            "$id": "142",
            "$values": [
              {
                "$ref": "39"
              },
              {
                "$ref": "13"
              }
            ]
          },
          "hasPlayed": false,
          "rank": 51,
          "id": 6,
          "name": "John/Henrik",
          "state": 0
        },
        "team1Points": 5,
        "team2Points": 15,
        "team1Status": 1,
        "team2Status": 0,
        "tournament": {
          "$ref": "1"
        },
        "players": {
          "$id": "143",
          "$values": []
        },
        "id": 513,
        "name": "",
        "state": 2
      },
      {
        "$id": "144",
        "finishdate": "2023-06-23T13:41:23.284553",
        "round": 11,
        "court": {
          "$ref": "17"
        },
        "team1": {
          "$id": "145",
          "players": {
            "$id": "146",
            "$values": [
              {
                "$ref": "24"
              },
              {
                "$ref": "20"
              }
            ]
          },
          "hasPlayed": false,
          "rank": 44,
          "id": 134,
          "name": "Tim/Kyller",
          "state": 0
        },
        "team2": {
          "$id": "147",
          "players": {
            "$id": "148",
            "$values": [
              {
                "$ref": "36"
              },
              {
                "$ref": "25"
              }
            ]
          },
          "hasPlayed": false,
          "rank": 45,
          "id": 57,
          "name": "Antonio/Peter",
          "state": 0
        },
        "team1Points": 14,
        "team2Points": 16,
        "team1Status": 1,
        "team2Status": 0,
        "tournament": {
          "$ref": "1"
        },
        "players": {
          "$id": "149",
          "$values": []
        },
        "id": 514,
        "name": "",
        "state": 2
      },
      {
        "$id": "150",
        "finishdate": "2023-06-23T13:41:23.284553",
        "round": 12,
        "court": {
          "$ref": "6"
        },
        "team1": {
          "$id": "151",
          "players": {
            "$id": "152",
            "$values": [
              {
                "$ref": "9"
              },
              {
                "$ref": "24"
              }
            ]
          },
          "hasPlayed": false,
          "rank": 38,
          "id": 25,
          "name": "Bosse/Kyller",
          "state": 0
        },
        "team2": {
          "$id": "153",
          "players": {
            "$id": "154",
            "$values": [
              {
                "$ref": "36"
              },
              {
                "$ref": "13"
              }
            ]
          },
          "hasPlayed": false,
          "rank": 29,
          "id": 86,
          "name": "Peter/John",
          "state": 0
        },
        "team1Points": 12,
        "team2Points": 15,
        "team1Status": 1,
        "team2Status": 0,
        "tournament": {
          "$ref": "1"
        },
        "players": {
          "$id": "155",
          "$values": []
        },
        "id": 515,
        "name": "",
        "state": 2
      },
      {
        "$id": "156",
        "finishdate": "2023-06-23T13:41:23.284553",
        "round": 12,
        "court": {
          "$ref": "17"
        },
        "team1": {
          "$id": "157",
          "players": {
            "$id": "158",
            "$values": [
              {
                "$ref": "39"
              },
              {
                "$ref": "21"
              }
            ]
          },
          "hasPlayed": false,
          "rank": 49,
          "id": 78,
          "name": "Curtis/Henrik",
          "state": 0
        },
        "team2": {
          "$id": "159",
          "players": {
            "$id": "160",
            "$values": [
              {
                "$ref": "40"
              },
              {
                "$ref": "25"
              }
            ]
          },
          "hasPlayed": false,
          "rank": 68,
          "id": 110,
          "name": "Antonio/Stefano",
          "state": 0
        },
        "team1Points": 10,
        "team2Points": 15,
        "team1Status": 1,
        "team2Status": 0,
        "tournament": {
          "$ref": "1"
        },
        "players": {
          "$id": "161",
          "$values": []
        },
        "id": 516,
        "name": "",
        "state": 2
      },
      {
        "$id": "162",
        "finishdate": "2023-06-23T13:41:23.284554",
        "round": 13,
        "court": {
          "$ref": "6"
        },
        "team1": {
          "$id": "163",
          "players": {
            "$id": "164",
            "$values": [
              {
                "$ref": "13"
              },
              {
                "$ref": "21"
              }
            ]
          },
          "hasPlayed": false,
          "rank": 37,
          "id": 94,
          "name": "Curtis/John",
          "state": 0
        },
        "team2": {
          "$id": "165",
          "players": {
            "$id": "166",
            "$values": [
              {
                "$ref": "36"
              },
              {
                "$ref": "10"
              }
            ]
          },
          "hasPlayed": false,
          "rank": 30,
          "id": 66,
          "name": "Bruno/Peter",
          "state": 0
        },
        "team1Points": 15,
        "team2Points": 12,
        "team1Status": 0,
        "team2Status": 1,
        "tournament": {
          "$ref": "1"
        },
        "players": {
          "$id": "167",
          "$values": []
        },
        "id": 517,
        "name": "",
        "state": 2
      },
      {
        "$id": "168",
        "finishdate": "2023-06-23T13:41:23.284554",
        "round": 13,
        "court": {
          "$ref": "17"
        },
        "team1": {
          "$id": "169",
          "players": {
            "$id": "170",
            "$values": [
              {
                "$ref": "25"
              },
              {
                "$ref": "14"
              }
            ]
          },
          "hasPlayed": false,
          "rank": 56,
          "id": 143,
          "name": "Antonio/Asser",
          "state": 0
        },
        "team2": {
          "$id": "171",
          "players": {
            "$id": "172",
            "$values": [
              {
                "$ref": "39"
              },
              {
                "$ref": "20"
              }
            ]
          },
          "hasPlayed": false,
          "rank": 54,
          "id": 23,
          "name": "Tim/Henrik",
          "state": 0
        },
        "team1Points": 13,
        "team2Points": 15,
        "team1Status": 1,
        "team2Status": 0,
        "tournament": {
          "$ref": "1"
        },
        "players": {
          "$id": "173",
          "$values": []
        },
        "id": 518,
        "name": "",
        "state": 2
      },
      {
        "$id": "174",
        "finishdate": "2023-06-23T13:41:23.284554",
        "round": 14,
        "court": {
          "$ref": "6"
        },
        "team1": {
          "$id": "175",
          "players": {
            "$id": "176",
            "$values": [
              {
                "$ref": "9"
              },
              {
                "$ref": "40"
              }
            ]
          },
          "hasPlayed": false,
          "rank": 49,
          "id": 16,
          "name": "Bosse/Stefano",
          "state": 0
        },
        "team2": {
          "$id": "177",
          "players": {
            "$id": "178",
            "$values": [
              {
                "$ref": "21"
              },
              {
                "$ref": "10"
              }
            ]
          },
          "hasPlayed": false,
          "rank": 38,
          "id": 38,
          "name": "Bruno/Curtis",
          "state": 0
        },
        "team1Points": 15,
        "team2Points": 12,
        "team1Status": 0,
        "team2Status": 1,
        "tournament": {
          "$ref": "1"
        },
        "players": {
          "$id": "179",
          "$values": []
        },
        "id": 519,
        "name": "",
        "state": 2
      },
      {
        "$id": "180",
        "finishdate": "2023-06-23T13:41:23.284554",
        "round": 14,
        "court": {
          "$ref": "17"
        },
        "team1": {
          "$id": "181",
          "players": {
            "$id": "182",
            "$values": [
              {
                "$ref": "36"
              },
              {
                "$ref": "14"
              }
            ]
          },
          "hasPlayed": false,
          "rank": 30,
          "id": 114,
          "name": "Peter/Asser",
          "state": 0
        },
        "team2": {
          "$id": "183",
          "players": {
            "$id": "184",
            "$values": []
          },
          "hasPlayed": false,
          "rank": 0,
          "id": 1268,
          "name": "",
          "state": 0
        },
        "team1Points": 8,
        "team2Points": 15,
        "team1Status": 1,
        "team2Status": 0,
        "tournament": {
          "$ref": "1"
        },
        "players": {
          "$id": "185",
          "$values": []
        },
        "id": 634,
        "name": "",
        "state": 2
      },
      {
        "$id": "186",
        "finishdate": "2023-06-23T13:41:23.284554",
        "round": 15,
        "court": {
          "$ref": "6"
        },
        "team1": {
          "$ref": "57"
        },
        "team2": {
          "$ref": "87"
        },
        "team1Points": 17,
        "team2Points": 21,
        "team1Status": 1,
        "team2Status": 0,
        "tournament": {
          "$ref": "1"
        },
        "players": {
          "$id": "187",
          "$values": []
        },
        "id": 635,
        "name": "",
        "state": 2
      }
    ]
  },
  "currentRound": 1,
  "totalRounds": 15,
  "pointsToWin": 15,
  "id": 15,
  "name": "EVK Melby Beach Cup 10 jun. 2023",
  "state": 2
}