{
  "$id": "1",
  "$values": [
    {
      "$id": "2",
      "hasPlayed": false,
      "rank": 0,
      "matchingattemps": 0,
      "players": {
        "$id": "3",
        "$values": [
          {
            "$id": "4",
            "displayname": "John",
            "dob": null,
            "rank": 0,
            "identity": null,
            "id": 10,
            "name": "",
            "state": 0
          },
          {
            "$id": "5",
            "displayname": "Curtis",
            "dob": null,
            "rank": 0,
            "identity": null,
            "id": 11,
            "name": "",
            "state": 0
          }
        ]
      },
      "id": 1,
      "name": "John/Curtis",
      "state": 0
    },
    {
      "$id": "6",
      "hasPlayed": false,
      "rank": 0,
      "matchingattemps": 0,
      "players": {
        "$id": "7",
        "$values": [
          {
            "$id": "8",
            "displayname": "Flemming",
            "dob": null,
            "rank": 0,
            "identity": null,
            "id": 2,
            "name": "",
            "state": 0
          },
          {
            "$id": "9",
            "displayname": "Peter",
            "dob": null,
            "rank": 0,
            "identity": null,
            "id": 6,
            "name": "",
            "state": 0
          }
        ]
      },
      "id": 2,
      "name": "Flemming/Peter",
      "state": 0
    },
    {
      "$id": "10",
      "hasPlayed": false,
      "rank": 0,
      "matchingattemps": 0,
      "players": {
        "$id": "11",
        "$values": [
          {
            "$id": "12",
            "displayname": "Henrik",
            "dob": null,
            "rank": 0,
            "identity": null,
            "id": 7,
            "name": "",
            "state": 0
          },
          {
            "$id": "13",
            "displayname": "Bruno",
            "dob": null,
            "rank": 0,
            "identity": null,
            "id": 13,
            "name": "",
            "state": 0
          }
        ]
      },
      "id": 3,
      "name": "Bruno/Henrik",
      "state": 0
    },
    {
      "$id": "14",
      "hasPlayed": false,
      "rank": 0,
      "matchingattemps": 0,
      "players": {
        "$id": "15",
        "$values": [
          {
            "$id": "16",
            "displayname": "Nana",
            "dob": null,
            "rank": 0,
            "identity": null,
            "id": 3,
            "name": "",
            "state": 0
          },
          {
            "$id": "17",
            "displayname": "Jakob",
            "dob": null,
            "rank": 0,
            "identity": null,
            "id": 18,
            "name": "",
            "state": 0
          }
        ]
      },
      "id": 4,
      "name": "Jakob/Nana",
      "state": 0
    },
    {
      "$id": "18",
      "hasPlayed": false,
      "rank": 0,
      "matchingattemps": 0,
      "players": {
        "$id": "19",
        "$values": [
          {
            "$id": "20",
            "displayname": "Niels",
            "dob": null,
            "rank": 0,
            "identity": null,
            "id": 14,
            "name": "",
            "state": 0
          },
          {
            "$id": "21",
            "displayname": "Asser",
            "dob": null,
            "rank": 0,
            "identity": null,
            "id": 17,
            "name": "",
            "state": 0
          }
        ]
      },
      "id": 5,
      "name": "Niels/Asser",
      "state": 0
    },
    {
      "$id": "22",
      "hasPlayed": false,
      "rank": 0,
      "matchingattemps": 0,
      "players": {
        "$id": "23",
        "$values": [
          {
            "$id": "24",
            "displayname": "Mads",
            "dob": null,
            "rank": 0,
            "identity": null,
            "id": 4,
            "name": "",
            "state": 0
          }
        ]
      },
      "id": 6,
      "name": "Mads/Bosse",
      "state": 0
    },
    {
      "$id": "25",
      "hasPlayed": false,
      "rank": 0,
      "matchingattemps": 0,
      "players": {
        "$id": "26",
        "$values": [
          {
            "$id": "27",
            "displayname": "Kim",
            "dob": null,
            "rank": 0,
            "identity": null,
            "id": 9,
            "name": "",
            "state": 0
          },
          {
            "$id": "28",
            "displayname": "Stefano",
            "dob": null,
            "rank": 0,
            "identity": null,
            "id": 12,
            "name": "",
            "state": 0
          }
        ]
      },
      "id": 7,
      "name": "Stefano/Kim",
      "state": 0
    },
    {
      "$id": "29",
      "hasPlayed": false,
      "rank": 0,
      "matchingattemps": 0,
      "players": {
        "$id": "30",
        "$values": [
          {
            "$id": "31",
            "displayname": "Kyller",
            "dob": null,
            "rank": 0,
            "identity": null,
            "id": 5,
            "name": "",
            "state": 0
          },
          {
            "$id": "32",
            "displayname": "Caroline",
            "dob": null,
            "rank": 0,
            "identity": null,
            "id": 15,
            "name": "",
            "state": 0
          }
        ]
      },
      "id": 8,
      "name": "Kyller/Caroline",
      "state": 0
    },
    {
      "$id": "33",
      "hasPlayed": false,
      "rank": 0,
      "matchingattemps": 0,
      "players": {
        "$id": "34",
        "$values": [
          {
            "$ref": "8"
          },
          {
            "$ref": "4"
          }
        ]
      },
      "id": 9,
      "name": "John/Flemming",
      "state": 0
    },
    {
      "$id": "35",
      "hasPlayed": false,
      "rank": 0,
      "matchingattemps": 0,
      "players": {
        "$id": "36",
        "$values": [
          {
            "$id": "37",
            "displayname": "Tim",
            "dob": null,
            "rank": 0,
            "identity": null,
            "id": 8,
            "name": "",
            "state": 0
          },
          {
            "$id": "38",
            "displayname": "Antonio",
            "dob": null,
            "rank": 0,
            "identity": null,
            "id": 16,
            "name": "",
            "state": 0
          }
        ]
      },
      "id": 10,
      "name": "Tim/Antonio",
      "state": 0
    },
    {
      "$id": "39",
      "hasPlayed": false,
      "rank": 0,
      "matchingattemps": 0,
      "players": {
        "$id": "40",
        "$values": [
          {
            "$ref": "9"
          },
          {
            "$ref": "5"
          }
        ]
      },
      "id": 11,
      "name": "Curtis/Peter",
      "state": 0
    },
    {
      "$id": "41",
      "hasPlayed": false,
      "rank": 0,
      "matchingattemps": 0,
      "players": {
        "$id": "42",
        "$values": [
          {
            "$ref": "13"
          },
          {
            "$ref": "17"
          }
        ]
      },
      "id": 12,
      "name": "Bruno/Jakob",
      "state": 0
    },
    {
      "$id": "43",
      "hasPlayed": false,
      "rank": 0,
      "matchingattemps": 0,
      "players": {
        "$id": "44",
        "$values": [
          {
            "$ref": "16"
          },
          {
            "$ref": "12"
          }
        ]
      },
      "id": 13,
      "name": "Henrik/Nana",
      "state": 0
    },
    {
      "$id": "45",
      "hasPlayed": false,
      "rank": 0,
      "matchingattemps": 0,
      "players": {
        "$id": "46",
        "$values": [
          {
            "$ref": "24"
          },
          {
            "$ref": "20"
          }
        ]
      },
      "id": 14,
      "name": "Niels/Mads",
      "state": 0
    },
    {
      "$id": "47",
      "hasPlayed": false,
      "rank": 0,
      "matchingattemps": 0,
      "players": {
        "$id": "48",
        "$values": [
          {
            "$ref": "21"
          }
        ]
      },
      "id": 15,
      "name": "Asser/Bosse",
      "state": 0
    },
    {
      "$id": "49",
      "hasPlayed": false,
      "rank": 0,
      "matchingattemps": 0,
      "players": {
        "$id": "50",
        "$values": [
          {
            "$ref": "31"
          },
          {
            "$ref": "28"
          }
        ]
      },
      "id": 16,
      "name": "Stefano/Kyller",
      "state": 0
    },
    {
      "$id": "51",
      "hasPlayed": false,
      "rank": 0,
      "matchingattemps": 0,
      "players": {
        "$id": "52",
        "$values": [
          {
            "$ref": "37"
          },
          {
            "$ref": "27"
          }
        ]
      },
      "id": 17,
      "name": "Kim/Tim",
      "state": 0
    },
    {
      "$id": "53",
      "hasPlayed": false,
      "rank": 0,
      "matchingattemps": 0,
      "players": {
        "$id": "54",
        "$values": [
          {
            "$ref": "32"
          },
          {
            "$ref": "38"
          }
        ]
      },
      "id": 18,
      "name": "Caroline/Antonio",
      "state": 0
    },
    {
      "$id": "55",
      "hasPlayed": false,
      "rank": 0,
      "matchingattemps": 0,
      "players": {
        "$id": "56",
        "$values": [
          {
            "$ref": "9"
          },
          {
            "$ref": "4"
          }
        ]
      },
      "id": 19,
      "name": "John/Peter",
      "state": 0
    },
    {
      "$id": "57",
      "hasPlayed": false,
      "rank": 0,
      "matchingattemps": 0,
      "players": {
        "$id": "58",
        "$values": [
          {
            "$ref": "8"
          },
          {
            "$ref": "5"
          }
        ]
      },
      "id": 20,
      "name": "Curtis/Flemming",
      "state": 0
    },
    {
      "$id": "59",
      "hasPlayed": false,
      "rank": 0,
      "matchingattemps": 0,
      "players": {
        "$id": "60",
        "$values": [
          {
            "$ref": "16"
          },
          {
            "$ref": "13"
          }
        ]
      },
      "id": 21,
      "name": "Bruno/Nana",
      "state": 0
    },
    {
      "$id": "61",
      "hasPlayed": false,
      "rank": 0,
      "matchingattemps": 0,
      "players": {
        "$id": "62",
        "$values": [
          {
            "$ref": "12"
          },
          {
            "$ref": "17"
          }
        ]
      },
      "id": 22,
      "name": "Henrik/Jakob",
      "state": 0
    },
    {
      "$id": "63",
      "hasPlayed": false,
      "rank": 0,
      "matchingattemps": 0,
      "players": {
        "$id": "64",
        "$values": [
          {
            "$ref": "20"
          }
        ]
      },
      "id": 23,
      "name": "Niels/Bosse",
      "state": 0
    },
    {
      "$id": "65",
      "hasPlayed": false,
      "rank": 0,
      "matchingattemps": 0,
      "players": {
        "$id": "66",
        "$values": [
          {
            "$ref": "24"
          },
          {
            "$ref": "21"
          }
        ]
      },
      "id": 24,
      "name": "Asser/Mads",
      "state": 0
    },
    {
      "$id": "67",
      "hasPlayed": false,
      "rank": 0,
      "matchingattemps": 0,
      "players": {
        "$id": "68",
        "$values": [
          {
            "$ref": "28"
          },
          {
            "$ref": "32"
          }
        ]
      },
      "id": 25,
      "name": "Stefano/Caroline",
      "state": 0
    },
    {
      "$id": "69",
      "hasPlayed": false,
      "rank": 0,
      "matchingattemps": 0,
      "players": {
        "$id": "70",
        "$values": [
          {
            "$ref": "31"
          },
          {
            "$ref": "27"
          }
        ]
      },
      "id": 26,
      "name": "Kim/Kyller",
      "state": 0
    },
    {
      "$id": "71",
      "hasPlayed": false,
      "rank": 0,
      "matchingattemps": 0,
      "players": {
        "$id": "72",
        "$values": [
          {
            "$ref": "37"
          },
          {
            "$ref": "4"
          }
        ]
      },
      "id": 27,
      "name": "John/Tim",
      "state": 0
    },
    {
      "$id": "73",
      "hasPlayed": false,
      "rank": 0,
      "matchingattemps": 0,
      "players": {
        "$id": "74",
        "$values": [
          {
            "$ref": "5"
          },
          {
            "$ref": "38"
          }
        ]
      },
      "id": 28,
      "name": "Curtis/Antonio",
      "state": 0
    },
    {
      "$id": "75",
      "hasPlayed": false,
      "rank": 0,
      "matchingattemps": 0,
      "players": {
        "$id": "76",
        "$values": [
          {
            "$ref": "8"
          },
          {
            "$ref": "13"
          }
        ]
      },
      "id": 29,
      "name": "Flemming/Bruno",
      "state": 0
    },
    {
      "$id": "77",
      "hasPlayed": false,
      "rank": 0,
      "matchingattemps": 0,
      "players": {
        "$id": "78",
        "$values": [
          {
            "$ref": "9"
          },
          {
            "$ref": "12"
          }
        ]
      },
      "id": 30,
      "name": "Peter/Henrik",
      "state": 0
    },
    {
      "$id": "79",
      "hasPlayed": false,
      "rank": 0,
      "matchingattemps": 0,
      "players": {
        "$id": "80",
        "$values": [
          {
            "$ref": "20"
          },
          {
            "$ref": "17"
          }
        ]
      },
      "id": 31,
      "name": "Jakob/Niels",
      "state": 0
    },
    {
      "$id": "81",
      "hasPlayed": false,
      "rank": 0,
      "matchingattemps": 0,
      "players": {
        "$id": "82",
        "$values": [
          {
            "$ref": "16"
          },
          {
            "$ref": "21"
          }
        ]
      },
      "id": 32,
      "name": "Nana/Asser",
      "state": 0
    },
    {
      "$id": "83",
      "hasPlayed": false,
      "rank": 0,
      "matchingattemps": 0,
      "players": {
        "$id": "84",
        "$values": [
          {
            "$ref": "24"
          },
          {
            "$ref": "28"
          }
        ]
      },
      "id": 33,
      "name": "Mads/Stefano",
      "state": 0
    },
    {
      "$id": "85",
      "hasPlayed": false,
      "rank": 0,
      "matchingattemps": 0,
      "players": {
        "$id": "86",
        "$values": [
          {
            "$ref": "27"
          }
        ]
      },
      "id": 34,
      "name": "Bosse/Kim",
      "state": 0
    },
    {
      "$id": "87",
      "hasPlayed": false,
      "rank": 0,
      "matchingattemps": 0,
      "players": {
        "$id": "88",
        "$values": [
          {
            "$ref": "31"
          },
          {
            "$ref": "38"
          }
        ]
      },
      "id": 35,
      "name": "Kyller/Antonio",
      "state": 0
    },
    {
      "$id": "89",
      "hasPlayed": false,
      "rank": 0,
      "matchingattemps": 0,
      "players": {
        "$id": "90",
        "$values": [
          {
            "$ref": "37"
          },
          {
            "$ref": "32"
          }
        ]
      },
      "id": 36,
      "name": "Caroline/Tim",
      "state": 0
    },
    {
      "$id": "91",
      "hasPlayed": false,
      "rank": 0,
      "matchingattemps": 0,
      "players": {
        "$id": "92",
        "$values": [
          {
            "$ref": "4"
          },
          {
            "$ref": "13"
          }
        ]
      },
      "id": 37,
      "name": "John/Bruno",
      "state": 0
    },
    {
      "$id": "93",
      "hasPlayed": false,
      "rank": 0,
      "matchingattemps": 0,
      "players": {
        "$id": "94",
        "$values": [
          {
            "$ref": "12"
          },
          {
            "$ref": "5"
          }
        ]
      },
      "id": 38,
      "name": "Curtis/Henrik",
      "state": 0
    },
    {
      "$id": "95",
      "hasPlayed": false,
      "rank": 0,
      "matchingattemps": 0,
      "players": {
        "$id": "96",
        "$values": [
          {
            "$ref": "8"
          },
          {
            "$ref": "17"
          }
        ]
      },
      "id": 39,
      "name": "Flemming/Jakob",
      "state": 0
    },
    {
      "$id": "97",
      "hasPlayed": false,
      "rank": 0,
      "matchingattemps": 0,
      "players": {
        "$id": "98",
        "$values": [
          {
            "$ref": "16"
          },
          {
            "$ref": "9"
          }
        ]
      },
      "id": 40,
      "name": "Peter/Nana",
      "state": 0
    },
    {
      "$id": "99",
      "hasPlayed": false,
      "rank": 0,
      "matchingattemps": 0,
      "players": {
        "$id": "100",
        "$values": [
          {
            "$ref": "28"
          },
          {
            "$ref": "20"
          }
        ]
      },
      "id": 41,
      "name": "Niels/Stefano",
      "state": 0
    },
    {
      "$id": "101",
      "hasPlayed": false,
      "rank": 0,
      "matchingattemps": 0,
      "players": {
        "$id": "102",
        "$values": [
          {
            "$ref": "27"
          },
          {
            "$ref": "21"
          }
        ]
      },
      "id": 42,
      "name": "Asser/Kim",
      "state": 0
    },
    {
      "$id": "103",
      "hasPlayed": false,
      "rank": 0,
      "matchingattemps": 0,
      "players": {
        "$id": "104",
        "$values": [
          {
            "$ref": "24"
          },
          {
            "$ref": "31"
          }
        ]
      },
      "id": 43,
      "name": "Mads/Kyller",
      "state": 0
    },
    {
      "$id": "105",
      "hasPlayed": false,
      "rank": 0,
      "matchingattemps": 0,
      "players": {
        "$id": "106",
        "$values": [
          {
            "$ref": "32"
          }
        ]
      },
      "id": 44,
      "name": "Bosse/Caroline",
      "state": 0
    },
    {
      "$id": "107",
      "hasPlayed": false,
      "rank": 0,
      "matchingattemps": 0,
      "players": {
        "$id": "108",
        "$values": [
          {
            "$ref": "4"
          },
          {
            "$ref": "38"
          }
        ]
      },
      "id": 45,
      "name": "John/Antonio",
      "state": 0
    },
    {
      "$id": "109",
      "hasPlayed": false,
      "rank": 0,
      "matchingattemps": 0,
      "players": {
        "$id": "110",
        "$values": [
          {
            "$ref": "37"
          },
          {
            "$ref": "5"
          }
        ]
      },
      "id": 46,
      "name": "Curtis/Tim",
      "state": 0
    },
    {
      "$id": "111",
      "hasPlayed": false,
      "rank": 0,
      "matchingattemps": 0,
      "players": {
        "$id": "112",
        "$values": [
          {
            "$ref": "8"
          },
          {
            "$ref": "12"
          }
        ]
      },
      "id": 47,
      "name": "Flemming/Henrik",
      "state": 0
    },
    {
      "$id": "113",
      "hasPlayed": false,
      "rank": 0,
      "matchingattemps": 0,
      "players": {
        "$id": "114",
        "$values": [
          {
            "$ref": "9"
          },
          {
            "$ref": "13"
          }
        ]
      },
      "id": 48,
      "name": "Peter/Bruno",
      "state": 0
    },
    {
      "$id": "115",
      "hasPlayed": false,
      "rank": 0,
      "matchingattemps": 0,
      "players": {
        "$id": "116",
        "$values": [
          {
            "$ref": "21"
          },
          {
            "$ref": "17"
          }
        ]
      },
      "id": 49,
      "name": "Jakob/Asser",
      "state": 0
    },
    {
      "$id": "117",
      "hasPlayed": false,
      "rank": 0,
      "matchingattemps": 0,
      "players": {
        "$id": "118",
        "$values": [
          {
            "$ref": "16"
          },
          {
            "$ref": "20"
          }
        ]
      },
      "id": 50,
      "name": "Nana/Niels",
      "state": 0
    },
    {
      "$id": "119",
      "hasPlayed": false,
      "rank": 0,
      "matchingattemps": 0,
      "players": {
        "$id": "120",
        "$values": [
          {
            "$ref": "24"
          },
          {
            "$ref": "27"
          }
        ]
      },
      "id": 51,
      "name": "Mads/Kim",
      "state": 0
    },
    {
      "$id": "121",
      "hasPlayed": false,
      "rank": 0,
      "matchingattemps": 0,
      "players": {
        "$id": "122",
        "$values": [
          {
            "$ref": "28"
          }
        ]
      },
      "id": 52,
      "name": "Bosse/Stefano",
      "state": 0
    },
    {
      "$id": "123",
      "hasPlayed": false,
      "rank": 0,
      "matchingattemps": 0,
      "players": {
        "$id": "124",
        "$values": [
          {
            "$ref": "4"
          },
          {
            "$ref": "32"
          }
        ]
      },
      "id": 53,
      "name": "John/Caroline",
      "state": 0
    },
    {
      "$id": "125",
      "hasPlayed": false,
      "rank": 0,
      "matchingattemps": 0,
      "players": {
        "$id": "126",
        "$values": [
          {
            "$ref": "31"
          },
          {
            "$ref": "37"
          }
        ]
      },
      "id": 54,
      "name": "Kyller/Tim",
      "state": 0
    },
    {
      "$id": "127",
      "hasPlayed": false,
      "rank": 0,
      "matchingattemps": 0,
      "players": {
        "$id": "128",
        "$values": [
          {
            "$ref": "5"
          },
          {
            "$ref": "13"
          }
        ]
      },
      "id": 55,
      "name": "Curtis/Bruno",
      "state": 0
    },
    {
      "$id": "129",
      "hasPlayed": false,
      "rank": 0,
      "matchingattemps": 0,
      "players": {
        "$id": "130",
        "$values": [
          {
            "$ref": "8"
          },
          {
            "$ref": "38"
          }
        ]
      },
      "id": 56,
      "name": "Flemming/Antonio",
      "state": 0
    },
    {
      "$id": "131",
      "hasPlayed": false,
      "rank": 0,
      "matchingattemps": 0,
      "players": {
        "$id": "132",
        "$values": [
          {
            "$ref": "9"
          },
          {
            "$ref": "17"
          }
        ]
      },
      "id": 57,
      "name": "Peter/Jakob",
      "state": 0
    },
    {
      "$id": "133",
      "hasPlayed": false,
      "rank": 0,
      "matchingattemps": 0,
      "players": {
        "$id": "134",
        "$values": [
          {
            "$ref": "12"
          },
          {
            "$ref": "20"
          }
        ]
      },
      "id": 58,
      "name": "Henrik/Niels",
      "state": 0
    },
    {
      "$id": "135",
      "hasPlayed": false,
      "rank": 0,
      "matchingattemps": 0,
      "players": {
        "$id": "136",
        "$values": [
          {
            "$ref": "16"
          },
          {
            "$ref": "24"
          }
        ]
      },
      "id": 59,
      "name": "Nana/Mads",
      "state": 0
    },
    {
      "$id": "137",
      "hasPlayed": false,
      "rank": 0,
      "matchingattemps": 0,
      "players": {
        "$id": "138",
        "$values": [
          {
            "$ref": "28"
          },
          {
            "$ref": "21"
          }
        ]
      },
      "id": 60,
      "name": "Asser/Stefano",
      "state": 0
    },
    {
      "$id": "139",
      "hasPlayed": false,
      "rank": 0,
      "matchingattemps": 0,
      "players": {
        "$id": "140",
        "$values": [
          {
            "$ref": "31"
          }
        ]
      },
      "id": 61,
      "name": "Bosse/Kyller",
      "state": 0
    },
    {
      "$id": "141",
      "hasPlayed": false,
      "rank": 0,
      "matchingattemps": 0,
      "players": {
        "$id": "142",
        "$values": [
          {
            "$ref": "27"
          },
          {
            "$ref": "32"
          }
        ]
      },
      "id": 62,
      "name": "Kim/Caroline",
      "state": 0
    },
    {
      "$id": "143",
      "hasPlayed": false,
      "rank": 0,
      "matchingattemps": 0,
      "players": {
        "$id": "144",
        "$values": [
          {
            "$ref": "8"
          },
          {
            "$ref": "37"
          }
        ]
      },
      "id": 63,
      "name": "Flemming/Tim",
      "state": 0
    },
    {
      "$id": "145",
      "hasPlayed": false,
      "rank": 0,
      "matchingattemps": 0,
      "players": {
        "$id": "146",
        "$values": [
          {
            "$ref": "9"
          },
          {
            "$ref": "38"
          }
        ]
      },
      "id": 64,
      "name": "Peter/Antonio",
      "state": 0
    },
    {
      "$id": "147",
      "hasPlayed": false,
      "rank": 0,
      "matchingattemps": 0,
      "players": {
        "$id": "148",
        "$values": [
          {
            "$ref": "12"
          },
          {
            "$ref": "4"
          }
        ]
      },
      "id": 65,
      "name": "John/Henrik",
      "state": 0
    },
    {
      "$id": "149",
      "hasPlayed": false,
      "rank": 0,
      "matchingattemps": 0,
      "players": {
        "$id": "150",
        "$values": [
          {
            "$ref": "5"
          },
          {
            "$ref": "17"
          }
        ]
      },
      "id": 66,
      "name": "Curtis/Jakob",
      "state": 0
    },
    {
      "$id": "151",
      "hasPlayed": false,
      "rank": 0,
      "matchingattemps": 0,
      "players": {
        "$id": "152",
        "$values": [
          {
            "$ref": "13"
          },
          {
            "$ref": "20"
          }
        ]
      },
      "id": 67,
      "name": "Bruno/Niels",
      "state": 0
    },
    {
      "$id": "153",
      "hasPlayed": false,
      "rank": 0,
      "matchingattemps": 0,
      "players": {
        "$id": "154",
        "$values": [
          {
            "$ref": "16"
          }
        ]
      },
      "id": 68,
      "name": "Nana/Bosse",
      "state": 0
    },
    {
      "$id": "155",
      "hasPlayed": false,
      "rank": 0,
      "matchingattemps": 0,
      "players": {
        "$id": "156",
        "$values": [
          {
            "$ref": "31"
          },
          {
            "$ref": "21"
          }
        ]
      },
      "id": 69,
      "name": "Asser/Kyller",
      "state": 0
    },
    {
      "$id": "157",
      "hasPlayed": false,
      "rank": 0,
      "matchingattemps": 0,
      "players": {
        "$id": "158",
        "$values": [
          {
            "$ref": "24"
          },
          {
            "$ref": "32"
          }
        ]
      },
      "id": 70,
      "name": "Mads/Caroline",
      "state": 0
    },
    {
      "$id": "159",
      "hasPlayed": false,
      "rank": 0,
      "matchingattemps": 0,
      "players": {
        "$id": "160",
        "$values": [
          {
            "$ref": "37"
          },
          {
            "$ref": "28"
          }
        ]
      },
      "id": 71,
      "name": "Stefano/Tim",
      "state": 0
    },
    {
      "$id": "161",
      "hasPlayed": false,
      "rank": 0,
      "matchingattemps": 0,
      "players": {
        "$id": "162",
        "$values": [
          {
            "$ref": "27"
          },
          {
            "$ref": "38"
          }
        ]
      },
      "id": 72,
      "name": "Kim/Antonio",
      "state": 0
    },
    {
      "$id": "163",
      "hasPlayed": false,
      "rank": 0,
      "matchingattemps": 0,
      "players": {
        "$id": "164",
        "$values": [
          {
            "$ref": "4"
          },
          {
            "$ref": "17"
          }
        ]
      },
      "id": 73,
      "name": "John/Jakob",
      "state": 0
    },
    {
      "$id": "165",
      "hasPlayed": false,
      "rank": 0,
      "matchingattemps": 0,
      "players": {
        "$id": "166",
        "$values": [
          {
            "$ref": "16"
          },
          {
            "$ref": "5"
          }
        ]
      },
      "id": 74,
      "name": "Curtis/Nana",
      "state": 0
    },
    {
      "$id": "167",
      "hasPlayed": false,
      "rank": 0,
      "matchingattemps": 0,
      "players": {
        "$id": "168",
        "$values": [
          {
            "$ref": "8"
          },
          {
            "$ref": "20"
          }
        ]
      },
      "id": 75,
      "name": "Flemming/Niels",
      "state": 0
    },
    {
      "$id": "169",
      "hasPlayed": false,
      "rank": 0,
      "matchingattemps": 0,
      "players": {
        "$id": "170",
        "$values": [
          {
            "$ref": "9"
          },
          {
            "$ref": "21"
          }
        ]
      },
      "id": 76,
      "name": "Peter/Asser",
      "state": 0
    },
    {
      "$id": "171",
      "hasPlayed": false,
      "rank": 0,
      "matchingattemps": 0,
      "players": {
        "$id": "172",
        "$values": [
          {
            "$ref": "24"
          },
          {
            "$ref": "13"
          }
        ]
      },
      "id": 77,
      "name": "Bruno/Mads",
      "state": 0
    },
    {
      "$id": "173",
      "hasPlayed": false,
      "rank": 0,
      "matchingattemps": 0,
      "players": {
        "$id": "174",
        "$values": [
          {
            "$ref": "12"
          }
        ]
      },
      "id": 78,
      "name": "Henrik/Bosse",
      "state": 0
    },
    {
      "$id": "175",
      "hasPlayed": false,
      "rank": 0,
      "matchingattemps": 0,
      "players": {
        "$id": "176",
        "$values": [
          {
            "$ref": "27"
          },
          {
            "$ref": "4"
          }
        ]
      },
      "id": 79,
      "name": "John/Kim",
      "state": 0
    },
    {
      "$id": "177",
      "hasPlayed": false,
      "rank": 0,
      "matchingattemps": 0,
      "players": {
        "$id": "178",
        "$values": [
          {
            "$ref": "28"
          },
          {
            "$ref": "38"
          }
        ]
      },
      "id": 80,
      "name": "Stefano/Antonio",
      "state": 0
    },
    {
      "$id": "179",
      "hasPlayed": false,
      "rank": 0,
      "matchingattemps": 0,
      "players": {
        "$id": "180",
        "$values": [
          {
            "$ref": "31"
          },
          {
            "$ref": "5"
          }
        ]
      },
      "id": 81,
      "name": "Curtis/Kyller",
      "state": 0
    },
    {
      "$id": "181",
      "hasPlayed": false,
      "rank": 0,
      "matchingattemps": 0,
      "players": {
        "$id": "182",
        "$values": [
          {
            "$ref": "8"
          },
          {
            "$ref": "32"
          }
        ]
      },
      "id": 82,
      "name": "Flemming/Caroline",
      "state": 0
    },
    {
      "$id": "183",
      "hasPlayed": false,
      "rank": 0,
      "matchingattemps": 0,
      "players": {
        "$id": "184",
        "$values": [
          {
            "$ref": "9"
          },
          {
            "$ref": "20"
          }
        ]
      },
      "id": 83,
      "name": "Peter/Niels",
      "state": 0
    },
    {
      "$id": "185",
      "hasPlayed": false,
      "rank": 0,
      "matchingattemps": 0,
      "players": {
        "$id": "186",
        "$values": [
          {
            "$ref": "37"
          },
          {
            "$ref": "13"
          }
        ]
      },
      "id": 84,
      "name": "Bruno/Tim",
      "state": 0
    },
    {
      "$id": "187",
      "hasPlayed": false,
      "rank": 0,
      "matchingattemps": 0,
      "players": {
        "$id": "188",
        "$values": [
          {
            "$ref": "12"
          },
          {
            "$ref": "21"
          }
        ]
      },
      "id": 85,
      "name": "Henrik/Asser",
      "state": 0
    },
    {
      "$id": "189",
      "hasPlayed": false,
      "rank": 0,
      "matchingattemps": 0,
      "players": {
        "$id": "190",
        "$values": [
          {
            "$ref": "24"
          },
          {
            "$ref": "17"
          }
        ]
      },
      "id": 86,
      "name": "Jakob/Mads",
      "state": 0
    },
    {
      "$id": "191",
      "hasPlayed": false,
      "rank": 0,
      "matchingattemps": 0,
      "players": {
        "$id": "192",
        "$values": [
          {
            "$ref": "16"
          },
          {
            "$ref": "28"
          }
        ]
      },
      "id": 87,
      "name": "Nana/Stefano",
      "state": 0
    },
    {
      "$id": "193",
      "hasPlayed": false,
      "rank": 0,
      "matchingattemps": 0,
      "players": {
        "$id": "194",
        "$values": [
          {
            "$ref": "37"
          }
        ]
      },
      "id": 88,
      "name": "Bosse/Tim",
      "state": 0
    },
    {
      "$id": "195",
      "hasPlayed": false,
      "rank": 0,
      "matchingattemps": 0,
      "players": {
        "$id": "196",
        "$values": [
          {
            "$ref": "31"
          },
          {
            "$ref": "4"
          }
        ]
      },
      "id": 89,
      "name": "John/Kyller",
      "state": 0
    },
    {
      "$id": "197",
      "hasPlayed": false,
      "rank": 0,
      "matchingattemps": 0,
      "players": {
        "$id": "198",
        "$values": [
          {
            "$ref": "27"
          },
          {
            "$ref": "5"
          }
        ]
      },
      "id": 90,
      "name": "Curtis/Kim",
      "state": 0
    },
    {
      "$id": "199",
      "hasPlayed": false,
      "rank": 0,
      "matchingattemps": 0,
      "players": {
        "$id": "200",
        "$values": [
          {
            "$ref": "9"
          },
          {
            "$ref": "32"
          }
        ]
      },
      "id": 91,
      "name": "Peter/Caroline",
      "state": 0
    },
    {
      "$id": "201",
      "hasPlayed": false,
      "rank": 0,
      "matchingattemps": 0,
      "players": {
        "$id": "202",
        "$values": [
          {
            "$ref": "13"
          },
          {
            "$ref": "38"
          }
        ]
      },
      "id": 92,
      "name": "Bruno/Antonio",
      "state": 0
    },
    {
      "$id": "203",
      "hasPlayed": false,
      "rank": 0,
      "matchingattemps": 0,
      "players": {
        "$id": "204",
        "$values": [
          {
            "$ref": "8"
          },
          {
            "$ref": "16"
          }
        ]
      },
      "id": 93,
      "name": "Flemming/Nana",
      "state": 0
    },
    {
      "$id": "205",
      "hasPlayed": false,
      "rank": 0,
      "matchingattemps": 0,
      "players": {
        "$id": "206",
        "$values": [
          {
            "$ref": "24"
          },
          {
            "$ref": "12"
          }
        ]
      },
      "id": 94,
      "name": "Henrik/Mads",
      "state": 0
    },
    {
      "$id": "207",
      "hasPlayed": false,
      "rank": 0,
      "matchingattemps": 0,
      "players": {
        "$id": "208",
        "$values": [
          {
            "$ref": "17"
          }
        ]
      },
      "id": 95,
      "name": "Jakob/Bosse",
      "state": 0
    },
    {
      "$id": "209",
      "hasPlayed": false,
      "rank": 0,
      "matchingattemps": 0,
      "players": {
        "$id": "210",
        "$values": [
          {
            "$ref": "27"
          },
          {
            "$ref": "20"
          }
        ]
      },
      "id": 96,
      "name": "Niels/Kim",
      "state": 0
    },
    {
      "$id": "211",
      "hasPlayed": false,
      "rank": 0,
      "matchingattemps": 0,
      "players": {
        "$id": "212",
        "$values": [
          {
            "$ref": "4"
          },
          {
            "$ref": "28"
          }
        ]
      },
      "id": 97,
      "name": "John/Stefano",
      "state": 0
    },
    {
      "$id": "213",
      "hasPlayed": false,
      "rank": 0,
      "matchingattemps": 0,
      "players": {
        "$id": "214",
        "$values": [
          {
            "$ref": "32"
          },
          {
            "$ref": "21"
          }
        ]
      },
      "id": 98,
      "name": "Asser/Caroline",
      "state": 0
    },
    {
      "$id": "215",
      "hasPlayed": false,
      "rank": 0,
      "matchingattemps": 0,
      "players": {
        "$id": "216",
        "$values": [
          {
            "$ref": "8"
          },
          {
            "$ref": "31"
          }
        ]
      },
      "id": 99,
      "name": "Flemming/Kyller",
      "state": 0
    },
    {
      "$id": "217",
      "hasPlayed": false,
      "rank": 0,
      "matchingattemps": 0,
      "players": {
        "$id": "218",
        "$values": [
          {
            "$ref": "9"
          },
          {
            "$ref": "37"
          }
        ]
      },
      "id": 100,
      "name": "Peter/Tim",
      "state": 0
    },
    {
      "$id": "219",
      "hasPlayed": false,
      "rank": 0,
      "matchingattemps": 0,
      "players": {
        "$id": "220",
        "$values": [
          {
            "$ref": "5"
          },
          {
            "$ref": "20"
          }
        ]
      },
      "id": 101,
      "name": "Curtis/Niels",
      "state": 0
    },
    {
      "$id": "221",
      "hasPlayed": false,
      "rank": 0,
      "matchingattemps": 0,
      "players": {
        "$id": "222",
        "$values": [
          {
            "$ref": "12"
          },
          {
            "$ref": "38"
          }
        ]
      },
      "id": 102,
      "name": "Henrik/Antonio",
      "state": 0
    },
    {
      "$id": "223",
      "hasPlayed": false,
      "rank": 0,
      "matchingattemps": 0,
      "players": {
        "$id": "224",
        "$values": [
          {
            "$ref": "13"
          },
          {
            "$ref": "21"
          }
        ]
      },
      "id": 103,
      "name": "Bruno/Asser",
      "state": 0
    },
    {
      "$id": "225",
      "hasPlayed": false,
      "rank": 0,
      "matchingattemps": 0,
      "players": {
        "$id": "226",
        "$values": [
          {
            "$ref": "28"
          },
          {
            "$ref": "17"
          }
        ]
      },
      "id": 104,
      "name": "Jakob/Stefano",
      "state": 0
    },
    {
      "$id": "227",
      "hasPlayed": false,
      "rank": 0,
      "matchingattemps": 0,
      "players": {
        "$id": "228",
        "$values": [
          {
            "$ref": "16"
          },
          {
            "$ref": "27"
          }
        ]
      },
      "id": 105,
      "name": "Nana/Kim",
      "state": 0
    },
    {
      "$id": "229",
      "hasPlayed": false,
      "rank": 0,
      "matchingattemps": 0,
      "players": {
        "$id": "230",
        "$values": [
          {
            "$ref": "24"
          },
          {
            "$ref": "37"
          }
        ]
      },
      "id": 106,
      "name": "Mads/Tim",
      "state": 0
    },
    {
      "$id": "231",
      "hasPlayed": false,
      "rank": 0,
      "matchingattemps": 0,
      "players": {
        "$id": "232",
        "$values": [
          {
            "$ref": "5"
          },
          {
            "$ref": "32"
          }
        ]
      },
      "id": 107,
      "name": "Curtis/Caroline",
      "state": 0
    },
    {
      "$id": "233",
      "hasPlayed": false,
      "rank": 0,
      "matchingattemps": 0,
      "players": {
        "$id": "234",
        "$values": [
          {
            "$ref": "38"
          }
        ]
      },
      "id": 108,
      "name": "Bosse/Antonio",
      "state": 0
    },
    {
      "$id": "235",
      "hasPlayed": false,
      "rank": 0,
      "matchingattemps": 0,
      "players": {
        "$id": "236",
        "$values": [
          {
            "$ref": "4"
          },
          {
            "$ref": "20"
          }
        ]
      },
      "id": 109,
      "name": "John/Niels",
      "state": 0
    },
    {
      "$id": "237",
      "hasPlayed": false,
      "rank": 0,
      "matchingattemps": 0,
      "players": {
        "$id": "238",
        "$values": [
          {
            "$ref": "31"
          },
          {
            "$ref": "9"
          }
        ]
      },
      "id": 110,
      "name": "Peter/Kyller",
      "state": 0
    },
    {
      "$id": "239",
      "hasPlayed": false,
      "rank": 0,
      "matchingattemps": 0,
      "players": {
        "$id": "240",
        "$values": [
          {
            "$ref": "8"
          },
          {
            "$ref": "21"
          }
        ]
      },
      "id": 111,
      "name": "Flemming/Asser",
      "state": 0
    },
    {
      "$id": "241",
      "hasPlayed": false,
      "rank": 0,
      "matchingattemps": 0,
      "players": {
        "$id": "242",
        "$values": [
          {
            "$ref": "13"
          }
        ]
      },
      "id": 112,
      "name": "Bruno/Bosse",
      "state": 0
    },
    {
      "$id": "243",
      "hasPlayed": false,
      "rank": 0,
      "matchingattemps": 0,
      "players": {
        "$id": "244",
        "$values": [
          {
            "$ref": "12"
          },
          {
            "$ref": "28"
          }
        ]
      },
      "id": 113,
      "name": "Henrik/Stefano",
      "state": 0
    },
    {
      "$id": "245",
      "hasPlayed": false,
      "rank": 0,
      "matchingattemps": 0,
      "players": {
        "$id": "246",
        "$values": [
          {
            "$ref": "27"
          },
          {
            "$ref": "17"
          }
        ]
      },
      "id": 114,
      "name": "Jakob/Kim",
      "state": 0
    },
    {
      "$id": "247",
      "hasPlayed": false,
      "rank": 0,
      "matchingattemps": 0,
      "players": {
        "$id": "248",
        "$values": [
          {
            "$ref": "16"
          },
          {
            "$ref": "31"
          }
        ]
      },
      "id": 115,
      "name": "Nana/Kyller",
      "state": 0
    },
    {
      "$id": "249",
      "hasPlayed": false,
      "rank": 0,
      "matchingattemps": 0,
      "players": {
        "$id": "250",
        "$values": [
          {
            "$ref": "24"
          },
          {
            "$ref": "38"
          }
        ]
      },
      "id": 116,
      "name": "Mads/Antonio",
      "state": 0
    },
    {
      "$id": "251",
      "hasPlayed": false,
      "rank": 0,
      "matchingattemps": 0,
      "players": {
        "$id": "252",
        "$values": [
          {
            "$ref": "13"
          },
          {
            "$ref": "32"
          }
        ]
      },
      "id": 117,
      "name": "Bruno/Caroline",
      "state": 0
    },
    {
      "$id": "253",
      "hasPlayed": false,
      "rank": 0,
      "matchingattemps": 0,
      "players": {
        "$id": "254",
        "$values": [
          {
            "$ref": "37"
          },
          {
            "$ref": "20"
          }
        ]
      },
      "id": 118,
      "name": "Niels/Tim",
      "state": 0
    },
    {
      "$id": "255",
      "hasPlayed": false,
      "rank": 0,
      "matchingattemps": 0,
      "players": {
        "$id": "256",
        "$values": [
          {
            "$ref": "16"
          },
          {
            "$ref": "4"
          }
        ]
      },
      "id": 119,
      "name": "John/Nana",
      "state": 0
    },
    {
      "$id": "257",
      "hasPlayed": false,
      "rank": 0,
      "matchingattemps": 0,
      "players": {
        "$id": "258",
        "$values": [
          {
            "$ref": "5"
          },
          {
            "$ref": "21"
          }
        ]
      },
      "id": 120,
      "name": "Curtis/Asser",
      "state": 0
    },
    {
      "$id": "259",
      "hasPlayed": false,
      "rank": 0,
      "matchingattemps": 0,
      "players": {
        "$id": "260",
        "$values": [
          {
            "$ref": "8"
          },
          {
            "$ref": "24"
          }
        ]
      },
      "id": 121,
      "name": "Flemming/Mads",
      "state": 0
    },
    {
      "$id": "261",
      "hasPlayed": false,
      "rank": 0,
      "matchingattemps": 0,
      "players": {
        "$id": "262",
        "$values": [
          {
            "$ref": "9"
          }
        ]
      },
      "id": 122,
      "name": "Peter/Bosse",
      "state": 0
    },
    {
      "$id": "263",
      "hasPlayed": false,
      "rank": 0,
      "matchingattemps": 0,
      "players": {
        "$id": "264",
        "$values": [
          {
            "$ref": "12"
          },
          {
            "$ref": "27"
          }
        ]
      },
      "id": 123,
      "name": "Henrik/Kim",
      "state": 0
    },
    {
      "$id": "265",
      "hasPlayed": false,
      "rank": 0,
      "matchingattemps": 0,
      "players": {
        "$id": "266",
        "$values": [
          {
            "$ref": "31"
          },
          {
            "$ref": "17"
          }
        ]
      },
      "id": 124,
      "name": "Jakob/Kyller",
      "state": 0
    },
    {
      "$id": "267",
      "hasPlayed": false,
      "rank": 0,
      "matchingattemps": 0,
      "players": {
        "$id": "268",
        "$values": [
          {
            "$ref": "5"
          },
          {
            "$ref": "28"
          }
        ]
      },
      "id": 125,
      "name": "Curtis/Stefano",
      "state": 0
    },
    {
      "$id": "269",
      "hasPlayed": false,
      "rank": 0,
      "matchingattemps": 0,
      "players": {
        "$id": "270",
        "$values": [
          {
            "$ref": "16"
          },
          {
            "$ref": "32"
          }
        ]
      },
      "id": 126,
      "name": "Nana/Caroline",
      "state": 0
    },
    {
      "$id": "271",
      "hasPlayed": false,
      "rank": 0,
      "matchingattemps": 0,
      "players": {
        "$id": "272",
        "$values": [
          {
            "$ref": "12"
          },
          {
            "$ref": "37"
          }
        ]
      },
      "id": 127,
      "name": "Henrik/Tim",
      "state": 0
    },
    {
      "$id": "273",
      "hasPlayed": false,
      "rank": 0,
      "matchingattemps": 0,
      "players": {
        "$id": "274",
        "$values": [
          {
            "$ref": "38"
          },
          {
            "$ref": "17"
          }
        ]
      },
      "id": 128,
      "name": "Jakob/Antonio",
      "state": 0
    },
    {
      "$id": "275",
      "hasPlayed": false,
      "rank": 0,
      "matchingattemps": 0,
      "players": {
        "$id": "276",
        "$values": [
          {
            "$ref": "4"
          },
          {
            "$ref": "21"
          }
        ]
      },
      "id": 129,
      "name": "John/Asser",
      "state": 0
    },
    {
      "$id": "277",
      "hasPlayed": false,
      "rank": 0,
      "matchingattemps": 0,
      "players": {
        "$id": "278",
        "$values": [
          {
            "$ref": "8"
          }
        ]
      },
      "id": 130,
      "name": "Flemming/Bosse",
      "state": 0
    },
    {
      "$id": "279",
      "hasPlayed": false,
      "rank": 0,
      "matchingattemps": 0,
      "players": {
        "$id": "280",
        "$values": [
          {
            "$ref": "24"
          },
          {
            "$ref": "9"
          }
        ]
      },
      "id": 131,
      "name": "Peter/Mads",
      "state": 0
    },
    {
      "$id": "281",
      "hasPlayed": false,
      "rank": 0,
      "matchingattemps": 0,
      "players": {
        "$id": "282",
        "$values": [
          {
            "$ref": "28"
          },
          {
            "$ref": "13"
          }
        ]
      },
      "id": 132,
      "name": "Bruno/Stefano",
      "state": 0
    },
    {
      "$id": "283",
      "hasPlayed": false,
      "rank": 0,
      "matchingattemps": 0,
      "players": {
        "$id": "284",
        "$values": [
          {
            "$ref": "31"
          },
          {
            "$ref": "12"
          }
        ]
      },
      "id": 133,
      "name": "Henrik/Kyller",
      "state": 0
    },
    {
      "$id": "285",
      "hasPlayed": false,
      "rank": 0,
      "matchingattemps": 0,
      "players": {
        "$id": "286",
        "$values": [
          {
            "$ref": "20"
          },
          {
            "$ref": "32"
          }
        ]
      },
      "id": 134,
      "name": "Niels/Caroline",
      "state": 0
    },
    {
      "$id": "287",
      "hasPlayed": false,
      "rank": 0,
      "matchingattemps": 0,
      "players": {
        "$id": "288",
        "$values": [
          {
            "$ref": "8"
          },
          {
            "$ref": "27"
          }
        ]
      },
      "id": 135,
      "name": "Flemming/Kim",
      "state": 0
    },
    {
      "$id": "289",
      "hasPlayed": false,
      "rank": 0,
      "matchingattemps": 0,
      "players": {
        "$id": "290",
        "$values": [
          {
            "$ref": "37"
          },
          {
            "$ref": "17"
          }
        ]
      },
      "id": 136,
      "name": "Jakob/Tim",
      "state": 0
    },
    {
      "$id": "291",
      "hasPlayed": false,
      "rank": 0,
      "matchingattemps": 0,
      "players": {
        "$id": "292",
        "$values": [
          {
            "$ref": "24"
          },
          {
            "$ref": "4"
          }
        ]
      },
      "id": 137,
      "name": "John/Mads",
      "state": 0
    },
    {
      "$id": "293",
      "hasPlayed": false,
      "rank": 0,
      "matchingattemps": 0,
      "players": {
        "$id": "294",
        "$values": [
          {
            "$ref": "16"
          },
          {
            "$ref": "38"
          }
        ]
      },
      "id": 138,
      "name": "Nana/Antonio",
      "state": 0
    },
    {
      "$id": "295",
      "hasPlayed": false,
      "rank": 0,
      "matchingattemps": 0,
      "players": {
        "$id": "296",
        "$values": [
          {
            "$ref": "5"
          }
        ]
      },
      "id": 139,
      "name": "Curtis/Bosse",
      "state": 0
    },
    {
      "$id": "297",
      "hasPlayed": false,
      "rank": 0,
      "matchingattemps": 0,
      "players": {
        "$id": "298",
        "$values": [
          {
            "$ref": "9"
          },
          {
            "$ref": "28"
          }
        ]
      },
      "id": 140,
      "name": "Peter/Stefano",
      "state": 0
    },
    {
      "$id": "299",
      "hasPlayed": false,
      "rank": 0,
      "matchingattemps": 0,
      "players": {
        "$id": "300",
        "$values": [
          {
            "$ref": "27"
          },
          {
            "$ref": "13"
          }
        ]
      },
      "id": 141,
      "name": "Bruno/Kim",
      "state": 0
    },
    {
      "$id": "301",
      "hasPlayed": false,
      "rank": 0,
      "matchingattemps": 0,
      "players": {
        "$id": "302",
        "$values": [
          {
            "$ref": "31"
          },
          {
            "$ref": "20"
          }
        ]
      },
      "id": 142,
      "name": "Niels/Kyller",
      "state": 0
    },
    {
      "$id": "303",
      "hasPlayed": false,
      "rank": 0,
      "matchingattemps": 0,
      "players": {
        "$id": "304",
        "$values": [
          {
            "$ref": "12"
          },
          {
            "$ref": "32"
          }
        ]
      },
      "id": 143,
      "name": "Henrik/Caroline",
      "state": 0
    },
    {
      "$id": "305",
      "hasPlayed": false,
      "rank": 0,
      "matchingattemps": 0,
      "players": {
        "$id": "306",
        "$values": [
          {
            "$ref": "37"
          },
          {
            "$ref": "21"
          }
        ]
      },
      "id": 144,
      "name": "Asser/Tim",
      "state": 0
    },
    {
      "$id": "307",
      "hasPlayed": false,
      "rank": 0,
      "matchingattemps": 0,
      "players": {
        "$id": "308",
        "$values": [
          {
            "$ref": "4"
          }
        ]
      },
      "id": 145,
      "name": "John/Bosse",
      "state": 0
    },
    {
      "$id": "309",
      "hasPlayed": false,
      "rank": 0,
      "matchingattemps": 0,
      "players": {
        "$id": "310",
        "$values": [
          {
            "$ref": "24"
          },
          {
            "$ref": "5"
          }
        ]
      },
      "id": 146,
      "name": "Curtis/Mads",
      "state": 0
    },
    {
      "$id": "311",
      "hasPlayed": false,
      "rank": 0,
      "matchingattemps": 0,
      "players": {
        "$id": "312",
        "$values": [
          {
            "$ref": "8"
          },
          {
            "$ref": "28"
          }
        ]
      },
      "id": 147,
      "name": "Flemming/Stefano",
      "state": 0
    },
    {
      "$id": "313",
      "hasPlayed": false,
      "rank": 0,
      "matchingattemps": 0,
      "players": {
        "$id": "314",
        "$values": [
          {
            "$ref": "20"
          },
          {
            "$ref": "38"
          }
        ]
      },
      "id": 148,
      "name": "Niels/Antonio",
      "state": 0
    },
    {
      "$id": "315",
      "hasPlayed": false,
      "rank": 0,
      "matchingattemps": 0,
      "players": {
        "$id": "316",
        "$values": [
          {
            "$ref": "9"
          },
          {
            "$ref": "27"
          }
        ]
      },
      "id": 149,
      "name": "Peter/Kim",
      "state": 0
    },
    {
      "$id": "317",
      "hasPlayed": false,
      "rank": 0,
      "matchingattemps": 0,
      "players": {
        "$id": "318",
        "$values": [
          {
            "$ref": "31"
          },
          {
            "$ref": "13"
          }
        ]
      },
      "id": 150,
      "name": "Bruno/Kyller",
      "state": 0
    },
    {
      "$id": "319",
      "hasPlayed": false,
      "rank": 0,
      "matchingattemps": 0,
      "players": {
        "$id": "320",
        "$values": [
          {
            "$ref": "32"
          },
          {
            "$ref": "17"
          }
        ]
      },
      "id": 151,
      "name": "Jakob/Caroline",
      "state": 0
    },
    {
      "$id": "321",
      "hasPlayed": false,
      "rank": 0,
      "matchingattemps": 0,
      "players": {
        "$id": "322",
        "$values": [
          {
            "$ref": "16"
          },
          {
            "$ref": "37"
          }
        ]
      },
      "id": 152,
      "name": "Nana/Tim",
      "state": 0
    }
  ]
}