{
  "$id": "1",
  "startdate": "2023-06-04T20:53:26.783591",
  "finishdate": "2023-06-04T20:53:42.075571",
  "mainevent": {
    "$id": "2",
    "club": {
      "$id": "3",
      "players": {
        "$id": "4",
        "$values": []
      },
      "id": 0,
      "name": "",
      "state": 0
    },
    "id": 0,
    "name": "None",
    "state": 0
  },
  "club": {
    "$id": "5",
    "players": {
      "$id": "6",
      "$values": []
    },
    "id": 1,
    "name": "EVK",
    "state": 0
  },
  "playDate": "2023-06-04T00:00:00",
  "matches": {
    "$id": "7",
    "$values": []
  },
  "currentRound": 1,
  "totalRounds": 8,
  "pointsToWin": 15,
  "existingTeams": {
    "$id": "8",
    "$values": []
  },
  "id": 1,
  "name": "EVK Sommer Beach 31 maj 2023",
  "state": 2
}