{
  "dependencies": {
    "mssql1": {
      "ignored": "true",
      "type": "mssql",
      "connectionId": "ConnectionStrings:DefaultConnection"
    },
    "secrets1": {
      "secretStore": null,
      "resourceId": "/subscriptions/[parameters('subscriptionId')]/resourceGroups/[parameters('resourceGroupName')]/providers/Microsoft.KeyVault/vaults/AugaProd",
      "type": "secrets.keyVault",
      "connectionId": "azure_sqldb"
    },
    "secrets2": {
      "secretStore": null,
      "resourceId": null,
      "type": "secrets.user",
      "connectionId": null
    }
  }
}